id,permalink
18yhrep,https://www.reddit.com/r/PeterExplainsTheJoke/comments/18yhrep/peter_help/
192h2bq,https://www.reddit.com/r/DeathBattleMatchups/comments/192h2bq/smoke_vs_raiden_mortal_kombat_vs_metal_gear/
1930bzg,https://www.reddit.com/r/willwood/comments/1930bzg/can_someone_post_a_compilation_of_the_recent_wiwo/
1930emi,https://www.reddit.com/r/unhingedautism/comments/1930emi/anyone_else_do_this_or_am_i_a_new_level_of/
187wjdu,https://www.reddit.com/r/feets_assortedkinks/comments/187wjdu/what_will_you_do_with_these/
1930emk,https://www.reddit.com/r/ZanClan/comments/1930emk/petition_for_zanny_to_play_this/
187im3t,https://www.reddit.com/r/FeetsandSoles/comments/187im3t/my_wifes_feets/
192g174,https://www.reddit.com/r/KISS/comments/192g174/site_listing_all_personnel_for_all_kiss_songs/
1930c2e,https://www.reddit.com/r/RDRSuperstar/comments/1930c2e/sreaming_crying_throwing_up_that_i_finally_bought/
192zuhj,https://www.reddit.com/r/hetalia/comments/192zuhj/arthur_england_kirkland_roblox_version/
192e49o,https://www.reddit.com/r/Memes_Of_The_Dank/comments/192e49o/_/
192fvvi,https://www.reddit.com/r/90dayfianceuncensored/comments/192fvvi/grumpy_tim/
187cy2t,https://www.reddit.com/r/teenagersbuthot/comments/187cy2t/im_this_close/
186pcma,https://www.reddit.com/r/SisterWives/comments/186pcma/deleted_by_user/
191yu5f,https://www.reddit.com/r/BatmanArkham/comments/191yu5f/why_doesnt_batman_accept_is_future_with_jonkler/
1930c2t,https://www.reddit.com/r/steelydancirclejerk/comments/1930c2t/holy_shit_guys_they_did_it/
191fj8o,https://www.reddit.com/r/MichaelJackson/comments/191fj8o/michael_jackson_1987/
192zwh6,https://www.reddit.com/r/alcohol/comments/192zwh6/has_anyone_actually_gone_shot_for_shot_with/
192zwh9,https://www.reddit.com/r/whatsthisrock/comments/192zwh9/south_carolina_find/
191fy9e,https://www.reddit.com/r/Yesstylepromos/comments/191fy9e/yesstyle_rewards_code_elevate_your_style_use/
1930bzn,https://www.reddit.com/r/DeepRockGalactic/comments/1930bzn/engineer_shenanigans/
187edsu,https://www.reddit.com/r/MonopolyGO_TRADING/comments/187edsu/anyone_able_to_help_with_these_two_sets_i_am/
187d8ae,https://www.reddit.com/r/distractible/comments/187d8ae/deleted_by_user/
187xjr0,https://www.reddit.com/r/PHfeetgonewild/comments/187xjr0/how_much_you_want_to_sniff_my_feet/
192fozi,https://www.reddit.com/r/luxurydreams/comments/192fozi/hi_im_wendy_i_sell_high_quality_leather_and_well/
1920oqd,https://www.reddit.com/r/Paypigsneedvanilla/comments/1920oqd/proud_to_be_a_paypig_in_trainning/
192zpds,https://www.reddit.com/r/jakanddaxter/comments/192zpds/the_adventure_begins_jak_and_daxter_precursor/
192gzlu,https://www.reddit.com/r/erectiledysfunction/comments/192gzlu/performance_anxiety/
192g18j,https://www.reddit.com/r/dalewilson/comments/192g18j/dale_wilson/
192z493,https://www.reddit.com/r/gametheorymemes/comments/192z493/it_was_a_hard_day_today/
192zwgz,https://www.reddit.com/r/MandelaCatalogue/comments/192zwgz/wake_up_esther/
192zsqz,https://www.reddit.com/r/necoarc/comments/192zsqz/i_feel_myself_slipping_away/
1930bwt,https://www.reddit.com/r/JohnMayer/comments/1930bwt/life_with_jm_rn/
192gpqs,https://www.reddit.com/r/okbuddyblacklung/comments/192gpqs/what_the_fuck_is_dutchs_nigga_ass_doin_is_he/
192gw2i,https://www.reddit.com/r/UrinatingTree/comments/192gw2i/the_riverboat_has_sunk/
187dyzf,https://www.reddit.com/r/Sinkpissers/comments/187dyzf/rpublicsinkpissers/
1930bx8,https://www.reddit.com/r/Dreamsnaps/comments/1930bx8/out_of_the_toy_box/
1924qql,https://www.reddit.com/r/UnpopularLoreOlympus/comments/1924qql/hades_being_a_shitty_man/
182kk0u,https://www.reddit.com/r/libsofreddit/comments/182kk0u/can_someone_explain_leftist_logic/
192fmg3,https://www.reddit.com/r/Godrick_the_grafted/comments/192fmg3/literal_bear_witness/
186pe91,https://www.reddit.com/r/MonopolyGoTrading/comments/186pe91/moment_of_truth_for_roger_that/
191y9nt,https://www.reddit.com/r/RedSmileGroup/comments/191y9nt/grownup_love_happy_life_socialmediaisnotreallife/
192gsiy,https://www.reddit.com/r/lethalcompany/comments/192gsiy/first_time_using_the_tpzinhalant/
192z4a3,https://www.reddit.com/r/phineasandferbmemes/comments/192z4a3/heinz_doofenshmirtz/
192zpf1,https://www.reddit.com/r/DreamlightValley/comments/192zpf1/im_so_sick_of_seeing_the_same_dreamsnaps_over_and/
192gsj2,https://www.reddit.com/r/Rollerskating/comments/192gsj2/adult_skate_night/
192zwj5,https://www.reddit.com/r/scaryeddie/comments/192zwj5/spooky_youtuberscontent_recommendations/
192zpf7,https://www.reddit.com/r/RoadTrafficAccidents/comments/192zpf7/my_mom_was_rear_ended_today_shes_ok_the_car_is_not/
192zwgs,https://www.reddit.com/r/2meirl4meirl/comments/192zwgs/2meirl4meirl/
186pht5,https://www.reddit.com/r/ConservativeMemes/comments/186pht5/they_dont_work/
192gprs,https://www.reddit.com/r/PERSoNA/comments/192gprs/dragon_kasumi_art_by_lmaylee/
1930by1,https://www.reddit.com/r/ConeHeads/comments/1930by1/i_havent_been_on_reddit_in_a_few_months_any_major/
1867sze,https://www.reddit.com/r/EvanPetersLovers/comments/1867sze/watching_an_american_crime_2007/
191zji3,https://www.reddit.com/r/queen/comments/191zji3/thank_you_queen_for_their_music/
192gw2y,https://www.reddit.com/r/startrekmemes/comments/192gw2y/picard_eating_a_bean_burrito/
1930eim,https://www.reddit.com/r/Broadway/comments/1930eim/what_songs_do_you_think_fit_this_contrast/
192znwg,https://www.reddit.com/r/RWBYcritics/comments/192znwg/im_from_a_timeline_where_they_managed_to_make_v10/
16wxcat,https://www.reddit.com/r/DunderMifflin/comments/16wxcat/deleted_by_user/
192z0qw,https://www.reddit.com/r/FootFetish___/comments/192z0qw/stretching_my_toes_out_for_you/
192fu4i,https://www.reddit.com/r/sniperelite/comments/192fu4i/true_end_of_the_kraken/
1930byn,https://www.reddit.com/r/SonyPictures/comments/1930byn/columbia_picturesapple_original_filmsscott_free/
192zphf,https://www.reddit.com/r/OnePiece/comments/192zphf/bit_of_a_crazy_theory_but_what_if_spoilers_for/
192glg4,https://www.reddit.com/r/RoughRomanMemes/comments/192glg4/damn_athenians_you_ruined_athens/
192fqwe,https://www.reddit.com/r/goodomens/comments/192fqwe/them/
192yz6g,https://www.reddit.com/r/GameTheorists/comments/192yz6g/thank_you_matpat/
18822ze,https://www.reddit.com/r/petregression/comments/18822ze/how_is_it_called_the_pet_regressors_at_the/
192zlp7,https://www.reddit.com/r/guitarcirclejerk/comments/192zlp7/thank_you_boomer_very_astute_boomer_how_could_we/
192cbrw,https://www.reddit.com/r/CelebrityFeetPosts/comments/192cbrw/léa_seydoux/
186mefx,https://www.reddit.com/r/ageregression/comments/186mefx/deleted_by_user/
1930els,https://www.reddit.com/r/Grimdank/comments/1930els/imagine_after_fighting_countless_battles_you/
192gboc,https://www.reddit.com/r/bleach/comments/192gboc/neko_yumichika/
192znvu,https://www.reddit.com/r/UnsentLetters/comments/192znvu/you_are_mine/
192zpgs,https://www.reddit.com/r/TheMandalorianTV/comments/192zpgs/not_the_child_its_the_mando_and_grogu/
19263do,https://www.reddit.com/r/TheDigitalCircus/comments/19263do/the_daily_wholesome_delivery_51_everyone_gets_bow/
1926eur,https://www.reddit.com/r/familyguy/comments/1926eur/you_know_what_i_am_back_at_the_ranch_im_a/
192zph3,https://www.reddit.com/r/TVTooHigh/comments/192zph3/is_my_hotel_tv_too_high/
192fqv0,https://www.reddit.com/r/lotr/comments/192fqv0/why_everyone_who_kills_a_maia_dies_too/
1881cjh,https://www.reddit.com/r/truscum/comments/1881cjh/incredibly_low_t_levels_after_switching_methods/
187dxa7,https://www.reddit.com/r/Monopoly_GO/comments/187dxa7/deleted_by_user/
187d2o0,https://www.reddit.com/r/SexySolesAndFootjobs/comments/187d2o0/mmmmmh_you_take_one_ill_take_the_other_then_we/
192gw5f,https://www.reddit.com/r/fairykei/comments/192gw5f/anyone_has_been_successful_in_getting_those_items/
1930ekn,https://www.reddit.com/r/greysanatomy/comments/1930ekn/the_guy_who_ratted_out_s18e19/
1930eko,https://www.reddit.com/r/Minecraftbuilds/comments/1930eko/would_you_live_in_the_village_or_the_temple_dont/
192zlsy,https://www.reddit.com/r/Greenlantern/comments/192zlsy/with_hal_jordan_john_stewart_and_guy_gardner/
1930ekt,https://www.reddit.com/r/Warhammer/comments/1930ekt/custom_regiments_commissar/
1930ekw,https://www.reddit.com/r/NameThatFriedChicken/comments/1930ekw/fc_fried_chicken_moscow_russia/
19218sz,https://www.reddit.com/r/YesStyle/comments/19218sz/reddit_yesstyle_coupons_cart_overflowing_slice_20/
192zufq,https://www.reddit.com/r/okbuddychicanery/comments/192zufq/lalo/
1930c0f,https://www.reddit.com/r/spiderman2/comments/1930c0f/bro_your_hands/
192znww,https://www.reddit.com/r/fantanoforever/comments/192znww/gorillaz_demon_days_album_review/
191igul,https://www.reddit.com/r/clevercomebacks/comments/191igul/give_me_a_good_comeback_hitlers_presence_is/
192zpff,https://www.reddit.com/r/depression_memes/comments/192zpff/me_when_my_good_mood_disappears_and_my_depression/
192ex9g,https://www.reddit.com/r/Yaoi_fluff/comments/192ex9g/sauce/
187cwdh,https://www.reddit.com/r/ActionFigures/comments/187cwdh/these_two_really_go_well_together/
192zwfi,https://www.reddit.com/r/CultOfTheLamb/comments/192zwfi/with_the_sotf_update/
18858mo,https://www.reddit.com/r/giantessSQUISHEDme/comments/18858mo/who_wishes_they_were_in_these_thick_tights_to/
192ex8z,https://www.reddit.com/r/imsorryjon/comments/192ex8z/tokyo_ghoulfield_releasing_tomorrow_tokyo_ghoul/
191jbhz,https://www.reddit.com/r/CirclejerkSopranos/comments/191jbhz/wrong_anshers_only/
1930c1n,https://www.reddit.com/r/ACPocketCamp/comments/1930c1n/hello_i_just_need_8_more_on_green_and_gold/
192ge7z,https://www.reddit.com/r/BreadTube/comments/192ge7z/travelingisrael_cant_stop_lying/
1930ydc,https://www.reddit.com/r/CelebsPH/comments/1930ydc/aeriel_garcia/
19310qq,https://www.reddit.com/r/TheCompletionist2/comments/19310qq/its_still_irritating_that_this_dude_left_his_moms/
1930tu3,https://www.reddit.com/r/3dsFriendCodes/comments/1930tu3/friend_code/
1930tu4,https://www.reddit.com/r/imvu/comments/1930tu4/hey_yall_how_do_fix_this_deformity_im/
19310r2,https://www.reddit.com/r/miband/comments/19310r2/mi_band_8_music_control_not_working/
1930l5c,https://www.reddit.com/r/Dragonballsuper/comments/1930l5c/we_lost_another_one/
1930tuc,https://www.reddit.com/r/FursuitMaking/comments/1930tuc/how_do_i_emulate_these_head_styles/
1930p21,https://www.reddit.com/r/xqcow/comments/1930p21/does_anyone_else_remember_this_banger/
1930tug,https://www.reddit.com/r/Tinder/comments/1930tug/any_tips/
19310rf,https://www.reddit.com/r/Crypto_Talkers/comments/19310rf/slaqq_community_solidproof_audit_results_are_in/
1930tuk,https://www.reddit.com/r/euphoria/comments/1930tuk/so_i_just_realized/
19310ri,https://www.reddit.com/r/lemonpartypodcast/comments/19310ri/have_fun_in_the_comments/
1930nj6,https://www.reddit.com/r/CryptoMars/comments/1930nj6/revolutionizing_depin_projects_introducing_depin/
1930ena,https://www.reddit.com/r/wizardposting/comments/1930ena/i_might_be_late_but_hopefully_i_have_the_people/
1930tux,https://www.reddit.com/r/Wizz_App_Unofficial/comments/1930tux/i_think_im_a_lil_too_sillystupid_for_this_app/
1930h0t,https://www.reddit.com/r/deathbattle/comments/1930h0t/i_have_one_question_about_this_image_from/
1930h0u,https://www.reddit.com/r/lost/comments/1930h0u/i_love_season_5/
1930tsu,https://www.reddit.com/r/Music/comments/1930tsu/the_world_is_a_beautiful_place_i_am_no_longer/
1930w8n,https://www.reddit.com/r/walkingwarrobots/comments/1930w8n/my_f2p_fenrir_d_master_ii_anything_i_should/
1930s3g,https://www.reddit.com/r/crossposts_tests/comments/1930s3g/my_favourite_xfiles_opening_featuring_a_young/
1930l6o,https://www.reddit.com/r/MarvelSnap/comments/1930l6o/sometimes_things_just_work_out/
1930p28,https://www.reddit.com/r/fut/comments/1930p28/keep_up_evo_on_inform_mavropanos/
1930tvm,https://www.reddit.com/r/overlord/comments/1930tvm/favorite_pleiades_and_why_ill_give_a_hint_for_mine/
1930l6r,https://www.reddit.com/r/CouponFaucet/comments/1930l6r/8_off_for_international_consumer_electronics_2024/
1930nk6,https://www.reddit.com/r/hmmm/comments/1930nk6/hmmm/
1930tvs,https://www.reddit.com/r/Salamanders40k/comments/1930tvs/what_do_you_guys_think_of_this_darker_color/
1930gzw,https://www.reddit.com/r/comicbookcollecting/comments/1930gzw/helping_a_friend_sort_long_boxes_and_i_kept/
1930nhe,https://www.reddit.com/r/mysticmessenger/comments/1930nhe/i_fell_on_the_floor_laughing/
1930l74,https://www.reddit.com/r/PocketMortys/comments/1930l74/looking_for_inter_dimensional_morty/
1930ydq,https://www.reddit.com/r/quebec5/comments/1930ydq/un_hot_dog_inversé/
1930nkm,https://www.reddit.com/r/adultingph/comments/1930nkm/thoughts_about_this_relationship_thing_haha/
1930tw7,https://www.reddit.com/r/HalfLife/comments/1930tw7/who_wins_in_an_all_out_fight/
1930imy,https://www.reddit.com/r/TopCommentChangeFlag/comments/1930imy/top_comment_changes_the_flag_of_papua_new_guinea/
1930yfy,https://www.reddit.com/r/telus/comments/1930yfy/moving_to_the_usa_with_a_canadian_contract/
1930l4q,https://www.reddit.com/r/FilmClubPH/comments/1930l4q/godzilla_minus_one_won_villain_of_the_year_best/
1930w2q,https://www.reddit.com/r/partycrashers/comments/1930w2q/brent_at_the_beginning_of_every_mario_party_video/
1930yg3,https://www.reddit.com/r/trainmemes/comments/1930yg3/would_you_look_at_that_its_schlagen_oclock/
1930ina,https://www.reddit.com/r/monicasneaker/comments/1930ina/join_discord_can_get_free_shipping/
1930w2w,https://www.reddit.com/r/MandelaEffect/comments/1930w2w/i_could_have_sworn_tommy_lee_jones_died_a_few/
1930ini,https://www.reddit.com/r/Vanossgaming/comments/1930ini/for_real/
1930w35,https://www.reddit.com/r/hipeeharlee/comments/1930w35/her_real_voice_look_at_the_date/
1930l84,https://www.reddit.com/r/MujicoCity/comments/1930l84/grandes_herencias/
1930ozc,https://www.reddit.com/r/btd6/comments/1930ozc/the_dart_monkey_action_figure/
1930ygp,https://www.reddit.com/r/pyrocynical/comments/1930ygp/dont_think_we_missed_this_pyro/
1930h2y,https://www.reddit.com/r/wholesomememes/comments/1930h2y/time_machine/
1930l8f,https://www.reddit.com/r/masterduel/comments/1930l8f/i_like_to_spend_my_breaks_at_work_playing_but/
1930io0,https://www.reddit.com/r/reactiongifs/comments/1930io0/mrw_i_read_graphic_details_about_trumps/
1930txd,https://www.reddit.com/r/TheBidenshitshow/comments/1930txd/doubling_down_investment_in_corrupt_deep_blue/
1930yh0,https://www.reddit.com/r/manhwa/comments/1930yh0/tachiyomi_hey_guys_im_sorry_i_know_im_a_bit_off/
1930w5d,https://www.reddit.com/r/Crunchyroll/comments/1930w5d/why_cant_i_update_cr/
1930ozv,https://www.reddit.com/r/OkCupid/comments/1930ozv/19_m_19_f_she_had_a_death_in_her_family_should_i/
1930ozw,https://www.reddit.com/r/TwitchPromotion/comments/1930ozw/gonna_play_some_magic_w_my_friend_skippy_so_i_can/
1930h1e,https://www.reddit.com/r/postal/comments/1930h1e/the_earth_is_hungry/
1930rys,https://www.reddit.com/r/SordishCouncil/comments/1930rys/george_calls_salt_a_traitor/
1930nfa,https://www.reddit.com/r/fut/comments/1930nfa/ive_waited_35_months_for_this/
1930nfb,https://www.reddit.com/r/cartoons/comments/1930nfb/is_this_accurate/
1930w48,https://www.reddit.com/r/Emojerk/comments/1930w48/bro/
1930nfd,https://www.reddit.com/r/BanGDream/comments/1930nfd/youchan_from_the_february_issue_of_seiyuu_grand/
1930l23,https://www.reddit.com/r/NFTsMarketplace/comments/1930l23/have_a_great_day/
1930l24,https://www.reddit.com/r/ihaveihaveihavereddit/comments/1930l24/you_are_damn_41_year_prison/
1930nfi,https://www.reddit.com/r/service_dogs/comments/1930nfi/was_going_online_to_make_time_to_train_wrong_of_me/
1930yhv,https://www.reddit.com/r/okbaubauhololive/comments/1930yhv/bau_bau_difference/
1930yfa,https://www.reddit.com/r/indianajones/comments/1930yfa/indiana_is_destroying_the_flash_on/
1930p0m,https://www.reddit.com/r/victorious/comments/1930p0m/can_we_all_just_agree_this_youtube_video_by_nick/
1930tyf,https://www.reddit.com/r/clips/comments/1930tyf/screm/
1930l2p,https://www.reddit.com/r/RockTumbling/comments/1930l2p/group_photos/
1930ipg,https://www.reddit.com/r/PoshmarkLuxuryReps/comments/1930ipg/chanel_classic_quilted_caviar_double_flap_master/
1930oz8,https://www.reddit.com/r/SFM/comments/1930oz8/how_to_get_out_of_any_situation_on_2fort/
1930p1b,https://www.reddit.com/r/temureferalls/comments/1930p1b/need_farmland_help_c4c/
1930p1c,https://www.reddit.com/r/wordle/comments/1930p1c/wordmigo_072073_wednesday_january_10th_thursday/
1930p1d,https://www.reddit.com/r/funnysigns/comments/1930p1d/seen_in_vegas_so/
1930ngk,https://www.reddit.com/r/AskDoctorSmeeee/comments/1930ngk/20f_painful_bump_behind_ear/
1930l3c,https://www.reddit.com/r/SCJerk/comments/1930l3c/i_paid_srs_and_meltzer_hundreds_of_dollars_to_get/
1930ngt,https://www.reddit.com/r/COCBaseLayouts/comments/1930ngt/th9_war_base_i_would_like_to_have_some_opinions_i/
1930p1r,https://www.reddit.com/r/ForeverAloneDating/comments/1930p1r/31m_looking_for_the_right_one_my_twin_flame/
1930yc1,https://www.reddit.com/r/ClashOfClansRecruit/comments/1930yc1/recruiting_the_cousening_cjg9r99c_level_4_th5/
1930p1u,https://www.reddit.com/r/datingadvice/comments/1930p1u/whats_your_opinion_on_updating_your_dating_app/
1930gyb,https://www.reddit.com/r/691/comments/1930gyb/no_way/
1930gyd,https://www.reddit.com/r/yokaiwatch/comments/1930gyd/new_account_who_dis/
19310pi,https://www.reddit.com/r/MarvelUnlimited/comments/19310pi/why_is_there_only_1_issue_of_master_of_kung_fu/
1930w5z,https://www.reddit.com/r/ShoppingDealsOnline/comments/1930w5z/vudu_coraline_digital_movie_on_vudu_for_699_sd799/
19310pk,https://www.reddit.com/r/Superstonk/comments/19310pk/we_just_love_the_stock/
1930gyh,https://www.reddit.com/r/elegoo/comments/1930gyh/soft_string_and_slight_wobble_help/
1930nh7,https://www.reddit.com/r/FortniteAccountsSale/comments/1930nh7/pcxbox_fa_383_skins_hella_stacked_account_send_me/
1930ycc,https://www.reddit.com/r/JustDance/comments/1930ycc/i_know_someone_posted_this_before_but_what_theme/
1930tst,https://www.reddit.com/r/DailyRankingsDrama/comments/1930tst/from_what_ive_gathered_juninho_made_a_post/
1930w66,https://www.reddit.com/r/RaidShadowLegends/comments/1930w66/need_help_with_a_new_unm_comp/
19310ps,https://www.reddit.com/r/WilliamsWorld/comments/19310ps/who_the_fuck_just_said_that/
1930w6a,https://www.reddit.com/r/FicusTrees/comments/1930w6a/why_wont_it_grow/
1930p2b,https://www.reddit.com/r/homestead/comments/1930p2b/when_to_put_a_hen_down/
1930nhh,https://www.reddit.com/r/osrs/comments/1930nhh/dear_lovable_and_24_hour_we_miss_you_sincerely/
1930p2g,https://www.reddit.com/r/ai_trading/comments/1930p2g/stock_pattern_broadening_wedge_ascending_mtch_on/
1930p2i,https://www.reddit.com/r/PHhandsgonewild/comments/1930p2i/poysian_pa_rin_sa_2024/
1930w4n,https://www.reddit.com/r/DeadByDaylightKillers/comments/1930w4n/best_huntress_build/
1930s1g,https://www.reddit.com/r/Yorkies/comments/1930s1g/and_that_face_she_gives_me_at_the_end/
1930yd6,https://www.reddit.com/r/MindPulp/comments/1930yd6/jak_and_daxter/
1930p2z,https://www.reddit.com/r/cryptotimesio/comments/1930p2z/blackrock_vaneck_revise_bitcoin_etf_filing_amid/
1930ni4,https://www.reddit.com/r/crypto_casino_/comments/1930ni4/best_crypto_casinos_january_2024_top_picks_for/
19310ql,https://www.reddit.com/r/BmwTech/comments/19310ql/2e8e_intelligent_battery_sensor_communication/
1930yfp,https://www.reddit.com/r/GachaFnaf/comments/1930yfp/ask_the_youngest_son_of_local_celebrity_and/
1931ips,https://www.reddit.com/r/StrangestProducts/comments/1931ips/hard_to_beat_big_cock/
1931af9,https://www.reddit.com/r/gasmasks/comments/1931af9/should_i_buy_a_m50/
19318ue,https://www.reddit.com/r/goldenretrievers/comments/19318ue/they_really_are_the_most_beautiful_pups_golden/
1931fk9,https://www.reddit.com/r/Deltarune/comments/1931fk9/scientifically_accurate/
1931afg,https://www.reddit.com/r/destiny2/comments/1931afg/game_says_missing_fs_but_i_got_no_refund/
1931iq7,https://www.reddit.com/r/ContamFam/comments/1931iq7/outcome_of_two_week_neglect_tek_in_fridge/
19318uo,https://www.reddit.com/r/FixMyPrint/comments/19318uo/rough_surface_in_different_areas_while_other_look/
19316hd,https://www.reddit.com/r/moviecritic/comments/19316hd/which_was_better_lucas_1986_vs_rudy_1993_both/
1931iqa,https://www.reddit.com/r/Lexus/comments/1931iqa/anyone_else_rocking_one_of_these_been_making_them/
19316hg,https://www.reddit.com/r/aiessayservice/comments/19316hg/a_guide_to_essayserviceai_citation_machine_tool/
1931iqg,https://www.reddit.com/r/hockeycards/comments/1931iqg/artifacts_hobby_first_big_rip_of_the_new_year/
19316hm,https://www.reddit.com/r/mylittlepony/comments/19316hm/first_attempt_drawing_ponies_pleas_suggest_a/
1931afz,https://www.reddit.com/r/buffy/comments/1931afz/summers_blood_if_buffy_had_kicked_ole_deadbeat/
1931hcx,https://www.reddit.com/r/Mrhippostorytime/comments/1931hcx/i_know_the_meaning_of_existence_the_universe_and/
1931inl,https://www.reddit.com/r/JordanPeterson/comments/1931inl/is_jordans_take_on_the_ukraine_war_consistent/
1931iqw,https://www.reddit.com/r/BocchiTheRock/comments/1931iqw/ryo_the_bassist_ryo_eki1954/
19316i1,https://www.reddit.com/r/playstation/comments/19316i1/help_ps5_display_issues/
1931hd9,https://www.reddit.com/r/rareinsults/comments/1931hd9/ill_never_look_at_a_snickers_bar_the_same/
1931agf,https://www.reddit.com/r/getrektlmao/comments/1931agf/lol/
1931hde,https://www.reddit.com/r/LilyCollinsNSFW/comments/1931hde/i_love_her_feet_in_sexy_high_heels_i_wanna_suck/
19314gm,https://www.reddit.com/r/RaftTheGame/comments/19314gm/i_have_to_much_stuff_and_not_enough_storage_help/
19314ji,https://www.reddit.com/r/Jerzwrld/comments/19314ji/finally_we_got_something_new/
19312kf,https://www.reddit.com/r/MySingingMonsters/comments/19312kf/me_when_the_silly_annual_xyster_fanart/
19316iq,https://www.reddit.com/r/ZombieWaves/comments/19316iq/how_do_i_even_get_items_for_this/
19314jo,https://www.reddit.com/r/StarRailStation/comments/19314jo/how_is_your_hanya_built/
1931irw,https://www.reddit.com/r/OntarioGrade12s/comments/1931irw/i_dont_need_sleep_i_dont_need_sleep/
19314jy,https://www.reddit.com/r/TMNT/comments/19314jy/neca_pizza_club_box_art/
1931fm7,https://www.reddit.com/r/Instagram/comments/1931fm7/ig_removing_my_comments/
1931fma,https://www.reddit.com/r/StinkyDragonPodcast/comments/1931fma/whos_gonna_die_first_grotethe_campaign/
19318wj,https://www.reddit.com/r/MLPIOS/comments/19318wj/yay/
19316j9,https://www.reddit.com/r/Pristiq/comments/19316j9/4_week_updatequestions/
19316ja,https://www.reddit.com/r/blackiscoming/comments/19316ja/sephora_discount_code_january_2024/
1931aec,https://www.reddit.com/r/YasuoMains/comments/1931aec/1v2_play_i_did/
19316jh,https://www.reddit.com/r/wholesomegreentext/comments/19316jh/his_thought_turned_to_the_ring/
19312ld,https://www.reddit.com/r/dbsfusionworld/comments/19312ld/any_vs_random/
1931d2m,https://www.reddit.com/r/ohbehave/comments/1931d2m/oh_behave/
19310tk,https://www.reddit.com/r/chineseknives/comments/19310tk/bm_narrows/
19312ln,https://www.reddit.com/r/lebowski/comments/19312ln/let_me_tell_you_something_else_ive_seen_a_lot_of/
19312j6,https://www.reddit.com/r/mygunismypenis/comments/19312j6/when_you_are_inbred_and_know_nothing_about/
1931hf2,https://www.reddit.com/r/socialanxiety/comments/1931hf2/being_the_least_liked_friend/
1931inx,https://www.reddit.com/r/RaidenMains/comments/1931inx/please_rate_my_day1_raiden/
1931fn4,https://www.reddit.com/r/VRchat/comments/1931fn4/come_on_boy/
1931aeg,https://www.reddit.com/r/HEB/comments/1931aeg/bakery/
1931d2r,https://www.reddit.com/r/Shamnyc/comments/1931d2r/lol/
1931ilz,https://www.reddit.com/r/cuecardgameAvid/comments/1931ilz/thoughts/
19312m0,https://www.reddit.com/r/OriginalCharacter/comments/19312m0/opinions_on_backgrounds/
19312m1,https://www.reddit.com/r/adventuretime/comments/19312m1/what_is_my_cookiecutter/
1931im2,https://www.reddit.com/r/StrikeWitches/comments/1931im2/favorite_opening_song_poll_24/
1931imc,https://www.reddit.com/r/toontownrewritten/comments/1931imc/lawbot_is_currently_the_longest_suit_to_max_and/
1931imu,https://www.reddit.com/r/PHCreditCards/comments/1931imu/law_inquiry_loan_repayment/
1931ime,https://www.reddit.com/r/PokemonGoFriends/comments/1931ime/wb_tornadus_1852_5980_0237/
1931aiy,https://www.reddit.com/r/juggalo/comments/1931aiy/made_a_wallpaper_for_my_phone_thought_youd_want/
1931aiz,https://www.reddit.com/r/Hololive/comments/1931aiz/nanashi_mumeikaraoke_歌枠moom_sing_announcement/
1931aj1,https://www.reddit.com/r/ChurchofPerrin/comments/1931aj1/love_the_art_style_by_嗟助/
1931d2l,https://www.reddit.com/r/sunraybee/comments/1931d2l/_/
19314ls,https://www.reddit.com/r/AutoNewspaper/comments/19314ls/world_china_tells_us_it_will_never_compromise_on/
1931aj5,https://www.reddit.com/r/promocodecentral/comments/1931aj5/2024_upside_referral_link_promo_code_get_free/
19314lv,https://www.reddit.com/r/TrueVirgin/comments/19314lv/how_will_men_cope_in_the_future_knowing_theyre/
1931aj9,https://www.reddit.com/r/DivinityOriginalSin/comments/1931aj9/does_making_an_account_make_save_files_safer_as/
19314ly,https://www.reddit.com/r/AnimeMeme/comments/19314ly/i_choose_both/
1931d1g,https://www.reddit.com/r/cat/comments/1931d1g/my_cat_loves_watching_the_godfather/
1931in0,https://www.reddit.com/r/basset/comments/1931in0/she_always_sleeps_bellyup/
1931in2,https://www.reddit.com/r/sixwordstories/comments/1931in2/bitter_hands_chafe_beneath_the_clouds/
1931ajj,https://www.reddit.com/r/phclassifieds/comments/1931ajj/full_14_months_gym_membership_philippine_sports/
1931ajq,https://www.reddit.com/r/snekcoinada/comments/1931ajq/on_this_day_sec_chair_denies_bitcoin_etf_approved/
1931d47,https://www.reddit.com/r/notinteresting/comments/1931d47/emojis/
1931fox,https://www.reddit.com/r/ARTIST/comments/1931fox/you_already_know/
1931ak3,https://www.reddit.com/r/NoFap/comments/1931ak3/thank_you_nofap_thank_you/
1931ino,https://www.reddit.com/r/CharlieChillsWolfpack/comments/1931ino/rip_duggie_west/
19316eu,https://www.reddit.com/r/therealbitcoinsv/comments/19316eu/the_philippines_can_become_blockchain_capital_of/
1931inu,https://www.reddit.com/r/DraftKingsDiscussion/comments/1931inu/now_this_just_aint_right/
1931fhb,https://www.reddit.com/r/OneTruthPrevails/comments/1931fhb/questionnnn/
1931inw,https://www.reddit.com/r/AntiDictatorOfSEA/comments/1931inw/the_juntas_crony_businesses_and_how_they_own/
19316f1,https://www.reddit.com/r/weezer/comments/19316f1/yellow_album/
19310vz,https://www.reddit.com/r/RogueTraderCRPG/comments/19310vz/resetting_your_skill_points_should_not_cost/
19316f7,https://www.reddit.com/r/ravedj/comments/19316f7/ykwim_more_inspired_yot_club_pbs_kids_ravedj/
19316j3,https://www.reddit.com/r/KobeReps/comments/19316j3/wtb_kobe_6_reverse_grinch/
1931iok,https://www.reddit.com/r/tornado/comments/1931iok/the_el_reno_missing_piece_footage_from_behind/
19318t1,https://www.reddit.com/r/nanonets/comments/19318t1/how_to_convert_pdf_to_xml_for_free_convert_pdf_to/
19318t2,https://www.reddit.com/r/ShadowBan/comments/19318t2/am_i/
1931ion,https://www.reddit.com/r/it/comments/1931ion/what_should_i_go_for_in_it/
1931fix,https://www.reddit.com/r/TexasChainsawGame/comments/1931fix/for_the_team/
1931al6,https://www.reddit.com/r/custom_rsps/comments/1931al6/join_our_rust_runescape_private_servers_1000/
1931ae3,https://www.reddit.com/r/MinecraftServer/comments/1931ae3/does_anyone_know_why_in_regular_intervals_random/
19316fw,https://www.reddit.com/r/lexapro/comments/19316fw/how_do_i_know_im_ready_to_be_off/
19316gq,https://www.reddit.com/r/comics/comments/19316gq/welp/
19314gu,https://www.reddit.com/r/Gunpla/comments/19314gu/tried_my_hand_on_painting_for_the_first_time_how/
1931ae7,https://www.reddit.com/r/applestorequeenv2/comments/1931ae7/i_cant_with_this_wig_every_time_i_see_it_now_i/
1931aeb,https://www.reddit.com/r/TheMagnusArchives/comments/1931aeb/jane_prentiss_was_it_too_late_for_her_could_she/
1931alg,https://www.reddit.com/r/JTIA/comments/1931alg/the_last_live_of_2023_with_other_games/
19314jm,https://www.reddit.com/r/PublicFeetPicSFW/comments/19314jm/i_love_walking_through_creeks_barefoot/
19318tl,https://www.reddit.com/r/booktopia/comments/19318tl/wanting_to_be_someone_else_is_a_waste_of_the/
1931fjf,https://www.reddit.com/r/Mafia/comments/1931fjf/recent_picture_of_alleged_current_patriarca/
19316gd,https://www.reddit.com/r/boxingcirclejerk/comments/19316gd/when_will_fans_get_the_fights_they_want_to_see/
19318tq,https://www.reddit.com/r/xbox/comments/19318tq/im_trying_to_play_gta_san_andreas_original_on/
19314he,https://www.reddit.com/r/G502MasterRace/comments/19314he/sound_coming_from_sensor/
19316gm,https://www.reddit.com/r/2sentence2horror/comments/19316gm/mass_extinction_guy/
1931ipl,https://www.reddit.com/r/DemonSlayerAnime/comments/1931ipl/shinobu_butterfly_girls_as_demons_swap_au/
1931ipm,https://www.reddit.com/r/CryptoCurrencyClassic/comments/1931ipm/psa_do_not_trust_trezor_or_any_hardware_wallet/
19316gv,https://www.reddit.com/r/riotgames/comments/19316gv/does_anyone_know_whats_going_on/
1931uyp,https://www.reddit.com/r/Theatre/comments/1931uyp/first_lead_memorization/
1931uyr,https://www.reddit.com/r/JackSucksAtGeography/comments/1931uyr/i_did_it_i_finally_named_all_the_counties/
1931lad,https://www.reddit.com/r/DeadSpace/comments/1931lad/i_was_looking_through_my_achievements_and/
1931szr,https://www.reddit.com/r/nancydrew/comments/1931szr/replay_of_dan/
1931lag,https://www.reddit.com/r/discordadvertisehere/comments/1931lag/valentines_day_is_around_the_corner_and_so_is_ur/
1931t6y,https://www.reddit.com/r/HistamineIntolerance/comments/1931t6y/any_skin_concerns_such_as_acne/
1931pfw,https://www.reddit.com/r/sffpc/comments/1931pfw/would_yall_be_able_to_measure_the_dimensions_of/
1931szy,https://www.reddit.com/r/ChatGPT/comments/1931szy/have_you_ever_seen_cat_rave_like_this_before/
1931laq,https://www.reddit.com/r/AmazingDeals/comments/1931laq/double_discount_promo_code_8yaa4zy4_sale_2440_reg/
1931pc3,https://www.reddit.com/r/GodofWar/comments/1931pc3/what_does_that_make_me_god_of_arrogance_god_of/
1931r11,https://www.reddit.com/r/FortniteSavetheWorld/comments/1931r11/frostnite/
1931mvw,https://www.reddit.com/r/CountryHumans/comments/1931mvw/lol_i_forgot_his_birthday_day/
1931lb2,https://www.reddit.com/r/Poopfromabutt/comments/1931lb2/mackerel_with_soy_sauce_hagoromo_brand/
1931r1e,https://www.reddit.com/r/IHateMyself/comments/1931r1e/undatable/
1931lb7,https://www.reddit.com/r/HotWheels/comments/1931lb7/saved_some_for_the_next_fellow_hunters/
1931pgk,https://www.reddit.com/r/r4r/comments/1931pgk/33_f4r_phoenix_az_online_seeking_parental_figures/
1931lbb,https://www.reddit.com/r/sportster/comments/1931lbb/michael_gorman_attorney_sports_executive_in/
1931pgq,https://www.reddit.com/r/KetamineTherapy/comments/1931pgq/ketamine_successes_and_failures/
1931mwf,https://www.reddit.com/r/seinfeld/comments/1931mwf/in_a_classic_seinfeld_episode/
1931t0x,https://www.reddit.com/r/MMADOCUMENTARIES/comments/1931t0x/francis_ngannou_the_stoic/
1931lbn,https://www.reddit.com/r/myspoty/comments/1931lbn/maggiore_scores_a_belter_against_juve_every_angle/
1931qvz,https://www.reddit.com/r/Mario/comments/1931qvz/super_mario_3d_land_completed/
1931ph8,https://www.reddit.com/r/WorldEaters40k/comments/1931ph8/win_for_my_we/
1931t1a,https://www.reddit.com/r/yandyleaks/comments/1931t1a/everybody_kanye_west_ty_dollar_ign_super_mario/
1931szw,https://www.reddit.com/r/ModernWarfareIII/comments/1931szw/matches_in_progress/
1931phm,https://www.reddit.com/r/RiantOffers/comments/1931phm/simple_tire_deals_offers_of_january_2024/
1931t1p,https://www.reddit.com/r/OkBuddyPersona/comments/1931t1p/top_5_makoter_facts/
1931lce,https://www.reddit.com/r/AnythingGoesNews/comments/1931lce/tiktoker_uses_old_phone_to_record_the_mandella/
1931lcf,https://www.reddit.com/r/Golfwang/comments/1931lcf/do_not_buy_from_this_guy/
1931mxf,https://www.reddit.com/r/gshock/comments/1931mxf/the_ol_gs_after_17_years_i_think_im_finally_going/
1931r2s,https://www.reddit.com/r/FuckeryUniveristy/comments/1931r2s/how_not_to_cry_with_an_onion_a_stepbystep/
1931lcn,https://www.reddit.com/r/GTLive/comments/1931lcn/i_wish_him_well_he_was_a_huge_part_of_my_childhood/
1931mxl,https://www.reddit.com/r/rct/comments/1931mxl/perplexia_a_spaceefficient_launch_coaster_with_a/
1931qvu,https://www.reddit.com/r/IsopodsAndRoaches/comments/1931qvu/aqua_pods_in_new_setup/
1931uwb,https://www.reddit.com/r/1811/comments/1931uwb/irs_special_agent/
1931pb2,https://www.reddit.com/r/reddeadredemption2/comments/1931pb2/feeling_extra_blessed/
1931pi7,https://www.reddit.com/r/fanduel/comments/1931pi7/finally/
1931t2e,https://www.reddit.com/r/PHMotorcycles/comments/1931t2e/400cc_motor_for_short_girl/
1931qw7,https://www.reddit.com/r/GFUEL/comments/1931qw7/expiration_date/
1931pig,https://www.reddit.com/r/PrizePicksPlays/comments/1931pig/good_wins_today_was_hoping_for_the_lakers_to_go/
1931t2j,https://www.reddit.com/r/foxholegame/comments/1931t2j/last_war_i_played_with_nothing_but_tripods/
1931my8,https://www.reddit.com/r/Ultrakill/comments/1931my8/literally_everyone_on_71/
1931t2g,https://www.reddit.com/r/ElegooSaturn/comments/1931t2g/sudden_print_failures/
1931t2s,https://www.reddit.com/r/MoldyMemes/comments/1931t2s/hehe_heha/
1931pbt,https://www.reddit.com/r/sonnyangelworld/comments/1931pbt/sonnyangelpotato_on_ig/
1931qwt,https://www.reddit.com/r/mouf/comments/1931qwt/munch_mouf/
1931mym,https://www.reddit.com/r/googlehome/comments/1931mym/boot_loop/
1931myp,https://www.reddit.com/r/sadboys/comments/1931myp/new_story/
1931r43,https://www.reddit.com/r/DalleGoneWild/comments/1931r43/faces/
1931pjb,https://www.reddit.com/r/BravoRealHousewives/comments/1931pjb/i_just_started_the_reunion_a_few_minutes_ago/
1931myw,https://www.reddit.com/r/DOG/comments/1931myw/baby_dalmata_with_hearts_in_her_eyes/
1931t3e,https://www.reddit.com/r/step1/comments/1931t3e/update_i_passed_please_trust_your_nbmes_and_take/
1931uvf,https://www.reddit.com/r/PinkFloydCircleJerk/comments/1931uvf/my_cats_sick_of_it/
1931qxk,https://www.reddit.com/r/HollowKnightArt/comments/1931qxk/fanfare_please/
1931itv,https://www.reddit.com/r/Vent/comments/1931itv/being_ugly_in_my_childhood_is_affecting_my_mental/
1931qxh,https://www.reddit.com/r/bfdi/comments/1931qxh/buji_mike_watched_some_bfdi_lol/
1931mzc,https://www.reddit.com/r/gothmoney/comments/1931mzc/hey_i_wanna_be_featured_on_a_black_cray_album/
1931ux0,https://www.reddit.com/r/TwoSentenceSadness/comments/1931ux0/i_had_to_rehome_my_kitten_after_he_scratched_me_a/
1931my3,https://www.reddit.com/r/iCumToiOKALISSA/comments/1931my3/nuttin_to_her_with_her_tongue_out_be_the_best/
1931uvw,https://www.reddit.com/r/Meltryllis/comments/1931uvw/daily_melt_882/
1931mzj,https://www.reddit.com/r/HolUp/comments/1931mzj/lol/
1931uw0,https://www.reddit.com/r/tappedout/comments/1931uw0/what_dont_you_like/
1931iu9,https://www.reddit.com/r/albiononline/comments/1931iu9/bros_just_asking_to_get_ganked_lethal_bz_mists_btw/
1931uw5,https://www.reddit.com/r/a:t5_68997m/comments/1931uw5/faite_ceci_afin_de_manifester_limpossible_en_2024/
1931my9,https://www.reddit.com/r/biggboss/comments/1931my9/about_salman_and_bbs_communication/
1931l7v,https://www.reddit.com/r/professionalwrestling/comments/1931l7v/toru_sugiura_vs_tomoya_hirata_hnk_deathmatch_pro/
1931pd8,https://www.reddit.com/r/real_China_irl/comments/1931pd8/推荐个视频弱者联盟习快速登基掌权的历史条件/
1931t4d,https://www.reddit.com/r/temu_old_users/comments/1931t4d/price_cutting_2_dollars_away/
1931t4e,https://www.reddit.com/r/labrador/comments/1931t4e/best_friends/
1931uwf,https://www.reddit.com/r/Step3/comments/1931uwf/selling_ccs_cases_valid_through_3_feb_dm/
1931uwk,https://www.reddit.com/r/qa_automation_posts/comments/1931uwk/save_crosspost_for_1012024_063357/
1931n05,https://www.reddit.com/r/Grapplerbaki/comments/1931n05/new_grappler_baki_manga_kill_count/
1931mx5,https://www.reddit.com/r/FreeAnime/comments/1931mx5/lupin_the_third_into_the_bondaverse/
1931uwo,https://www.reddit.com/r/qa_automation_polls/comments/1931uwo/new_poll_for_1012024_063356/
1931qwk,https://www.reddit.com/r/TOTK/comments/1931qwk/missing_shrine_please_help_before_i_give_up/
1931n0d,https://www.reddit.com/r/netflix/comments/1931n0d/film_review_bad_lands_2023_by_masato_harada/
1931t4v,https://www.reddit.com/r/LexusNX/comments/1931t4v/exart_intake_tube/
1931l8g,https://www.reddit.com/r/doodoofard/comments/1931l8g/suicide/
1931qys,https://www.reddit.com/r/duolingo/comments/1931qys/i_thought_thered_be_a_you_completed_the_course/
1931n0m,https://www.reddit.com/r/PhoenixSC/comments/1931n0m/is_this_just_me/
1931qyv,https://www.reddit.com/r/Memphis10/comments/1931qyv/anyone_kno_where_to_get_rip_shirts/
1931t5a,https://www.reddit.com/r/midjourney/comments/1931t5a/bold_statement/
1931n0v,https://www.reddit.com/r/pokespe/comments/1931n0v/wip_of_red_fanart/
1931uxj,https://www.reddit.com/r/HouseFlipper/comments/1931uxj/more_than_a_trailer_house_hf2/
1931t5l,https://www.reddit.com/r/ArmoredCoreVI/comments/1931t5l/armored_core_vi_arena_compilation/
1931uxm,https://www.reddit.com/r/hemorrhoid/comments/1931uxm/is_this_okay_or/
1931uxr,https://www.reddit.com/r/GetKarma_Here/comments/1931uxr/need_some_karma_to_post_heres_a_meme/
1931peo,https://www.reddit.com/r/custommagic/comments/1931peo/color_shifted_greed_reckless_expenditure/
1931qzn,https://www.reddit.com/r/fivenightsatfreddys/comments/1931qzn/the_familly_afton_before_and_after/
1931l9g,https://www.reddit.com/r/Kenshi/comments/1931l9g/creating_npc_buildings/
1931n1i,https://www.reddit.com/r/starwarsblackseries/comments/1931n1i/what_should_i_add_to_my_collection/
1931mw7,https://www.reddit.com/r/beachboyscirclejerk/comments/1931mw7/accept_it/
1931r1g,https://www.reddit.com/r/FinancialCareers/comments/1931r1g/jai_bandi_chor_ki_jai/
1931l9v,https://www.reddit.com/r/OtomeIsekai/comments/1931l9v/would_this_be_an_interesting_story_for_an_oi/
1931uyc,https://www.reddit.com/r/rosychatai/comments/1931uyc/embracing_the_future_with_rosychat_whether_its/
1931pfc,https://www.reddit.com/r/Stickfight/comments/1931pfc/thanks_for_basically_giving_me_the_win/
1931la3,https://www.reddit.com/r/NewTubers/comments/1931la3/if_your_videos_get_views_but_no_subscribers/
1931uyl,https://www.reddit.com/r/teentitans/comments/1931uyl/the_first_sample_delivered/
1931uym,https://www.reddit.com/r/ohnePixel/comments/1931uym/hobo_combo/
1931r0f,https://www.reddit.com/r/Moustache/comments/1931r0f/wearing_my_pnw_uniform/
1931ypt,https://www.reddit.com/r/DermatologyQuestions/comments/1931ypt/what_is_this_thing_on_his_toe_he_said_it_hurts/
1932683,https://www.reddit.com/r/PS5/comments/1932683/ps5_controller_is_not_ergonomic/
1932686,https://www.reddit.com/r/TheSaturnTimeCube/comments/1932686/johnson_johnson_john_the_toilet_baptism_on_the/
1931wxz,https://www.reddit.com/r/Cross_Trading_Roblox/comments/1931wxz/applying_for_t3_trusted_flair/
1931wy1,https://www.reddit.com/r/AnimeCalendar/comments/1931wy1/january_10th/
1932423,https://www.reddit.com/r/GeeksGamersCommunity/comments/1932423/theyre_just_weirdos_my_precious/
1932429,https://www.reddit.com/r/ZiplyFiber/comments/1932429/stop_gaslighting_us/
1931wyb,https://www.reddit.com/r/LegendofSlime/comments/1931wyb/toy_story/
1931wyc,https://www.reddit.com/r/rgamingmoments/comments/1931wyc/oculus_rift_s_aircar/
1931yr2,https://www.reddit.com/r/tipofmyjoystick/comments/1931yr2/1995_snesflash_a_godzilla_fighting_game_that_i/
193261o,https://www.reddit.com/r/Nendoroid/comments/193261o/my_2024_purchases/
1931yql,https://www.reddit.com/r/Truckers/comments/1931yql/rookie_tanker_thoughts/
1932697,https://www.reddit.com/r/Warts/comments/1932697/im_at_a_loss_went_to_the_doctors_uk_and_he_gave/
193242n,https://www.reddit.com/r/Polaroid/comments/193242n/tips_for_newbie/
1931wyp,https://www.reddit.com/r/BrainFarts/comments/1931wyp/my_initials_and_apparently_all_letters/
1931yqr,https://www.reddit.com/r/Mexico_Videos/comments/1931yqr/congreso_de_coahuila_aprueba_licencia_de_tres/
1931yqt,https://www.reddit.com/r/ffxivdiscussion/comments/1931yqt/how_to_deal_with_a_former_raid_member/
1931uzq,https://www.reddit.com/r/LooksmaxingAdvice/comments/1931uzq/gymcel_is_it_over/
1932620,https://www.reddit.com/r/FreeCrypto/comments/1932620/unilend_finance_introduced_unilend_v2_spreads/
1931wyx,https://www.reddit.com/r/MandJTV/comments/1931wyx/oc_pocket_monsters_inc/
1932622,https://www.reddit.com/r/MatPat/comments/1932622/a_tribute_for_matthew_robert_patrick_the_true/
19322wb,https://www.reddit.com/r/animeedits987/comments/19322wb/gojo_jujutsu_kaisen_amv/
193214c,https://www.reddit.com/r/PokemonGoRaids/comments/193214c/609222854015_the_second_tornadus_come_quick_only/
1932432,https://www.reddit.com/r/DiscountMemorable/comments/1932432/polynesian_cultural_center_coupon_2024/
1931ysd,https://www.reddit.com/r/gammasecretkings/comments/1931ysd/guess_which_tier12er_just_had_this_for_a/
193214h,https://www.reddit.com/r/Kanye/comments/193214h/hey_yeeziheads_i_wanna_be_featured_on_yes_album/
1931wz6,https://www.reddit.com/r/sportsbetting/comments/1931wz6/i_seriously_thought_i_had_donated_after_that/
1931yr9,https://www.reddit.com/r/BPD/comments/1931yr9/finally_seeing_improvement_when_having_violent/
193243a,https://www.reddit.com/r/jennie/comments/193243a/jennie/
1931v07,https://www.reddit.com/r/RoyaleHighTrading/comments/1931v07/midnights_strike_popstar_constellation_bodice/
193243f,https://www.reddit.com/r/schizoposters/comments/193243f/and_i_looked_and_behold_a_pale_horse_and_his_name/
1931wzg,https://www.reddit.com/r/conspiracy_commons/comments/1931wzg/masonic_zionists_plan_to_seize_the_millennial/
193262m,https://www.reddit.com/r/youtubegaming/comments/193262m/top_tips_on_how_a_game_developer_should_contact/
193262o,https://www.reddit.com/r/weirddalle/comments/193262o/a_poem_on_the_underground_wall/
193214x,https://www.reddit.com/r/tjournal_refugees/comments/193214x/63_россиян_поддерживают_войну_в_украине/
193214y,https://www.reddit.com/r/azudaioh/comments/193214y/osaka_found_the_penjamin/
193262t,https://www.reddit.com/r/flyoutgame/comments/193262t/need_help_going_faster/
1931yrs,https://www.reddit.com/r/shitposting/comments/1931yrs/o_no/
193243t,https://www.reddit.com/r/Lalisa/comments/193243t/lisa/
193262y,https://www.reddit.com/r/MethFriendsForever/comments/193262y/cloudy_who_got/
193214n,https://www.reddit.com/r/hermitcraftmemes/comments/193214n/hermitcraft_season_27_spoilers/
1931yrw,https://www.reddit.com/r/RiseoftheTMNT/comments/1931yrw/selling_my_entire_teenage_mutant_ninja_turtles/
1932632,https://www.reddit.com/r/ImaginaryFactories/comments/1932632/ive_invented_a_factory_that_produces_gold_now_you/
193243z,https://www.reddit.com/r/ReactJSJobs/comments/193243z/kunai_is_hiring_sr_software_engineer_mexico_city/
1931ys2,https://www.reddit.com/r/battlecats/comments/1931ys2/was_the_destroyer_of_spirits_always_so_smoll_fluff/
1931ytq,https://www.reddit.com/r/pillslover/comments/1931ytq/where_the_bars_at_in_colorado_i_can_barely_find_em/
193215l,https://www.reddit.com/r/LolCowLive/comments/193215l/why_isnt_lolcowlive_a_live_show/
1931ysb,https://www.reddit.com/r/Wheels/comments/1931ysb/what_kind_of_wheels_are_these_and_are_they_real/
193215o,https://www.reddit.com/r/GGPoker/comments/193215o/can_i_opt_out_of_collecting_stamps_for_a_day/
193215p,https://www.reddit.com/r/actressheaven/comments/193215p/disha_patani/
193244f,https://www.reddit.com/r/SubaruForester/comments/193244f/brand_new_forester_needs_new_sway_bar_links/
193263s,https://www.reddit.com/r/movie_ja/comments/193263s/トランスワールドジャックヘラー2011アメリカ/
1931ysp,https://www.reddit.com/r/antiwork/comments/1931ysp/should_i_avoid_having_kids/
193244q,https://www.reddit.com/r/nbacirclejerk/comments/193244q/the_lakers_if_they_didnt_have_ben_taylor_tonight/
193244v,https://www.reddit.com/r/golangjob/comments/193244v/scylladb_is_hiring_c_software_engineer_emea/
193244x,https://www.reddit.com/r/TXChainSawGame/comments/193244x/game_dodging/
1932644,https://www.reddit.com/r/AlasFeels/comments/1932644/no_one_realizes_that_sometimes_people_can_be_done/
193216g,https://www.reddit.com/r/PedroPeepos/comments/193216g/some_privileged_viewers_got_to_touch_grass_for/
193216j,https://www.reddit.com/r/chickens/comments/193216j/can_you_spot_the_chicken/
19322y2,https://www.reddit.com/r/Starfield/comments/19322y2/about_the_flaws_that_people_keep_mentioning/
1931ytd,https://www.reddit.com/r/2meirl42meirl4meirl/comments/1931ytd/2littlewilltolive4meirl/
193245h,https://www.reddit.com/r/DarkViperAU/comments/193245h/gta_5_weeknd_collab/
193264o,https://www.reddit.com/r/fancybaglady2929/comments/193264o/all_of_these_peoples_accounts_are_dormant_why_are/
193245q,https://www.reddit.com/r/LEGOfortnite/comments/193245q/i_cant_wait_till_i_can_actually_drive_these_cars/
193245s,https://www.reddit.com/r/bloxfruits/comments/193245s/i_made_it/
193245u,https://www.reddit.com/r/golangjob/comments/193245u/scylladb_is_hiring_backend_golang_software/
193216w,https://www.reddit.com/r/gameDevClassifieds/comments/193216w/artists_what_do_you_think_of_the_profile_picture/
1932167,https://www.reddit.com/r/CharacterAI/comments/1932167/what/
1932464,https://www.reddit.com/r/MWZombies/comments/1932464/if_you_get_revived_after_pleading_in_chat_update/
1931wzp,https://www.reddit.com/r/tearsofthekingdom/comments/1931wzp/most_rewarding_side_quests/
1932468,https://www.reddit.com/r/David_Icke/comments/1932468/david_icke_on_free_speech/
1931yu9,https://www.reddit.com/r/susanhawkins/comments/1931yu9/tell_me_youre_not_reading_reddit_without_telling/
193217g,https://www.reddit.com/r/scientologyscammers/comments/193217g/confident_chris_is_live/
193246m,https://www.reddit.com/r/armoredcore/comments/193246m/my_solo_pvp_experience_this_last_week/
193265t,https://www.reddit.com/r/mrmenlittlemiss/comments/193265t/mr_men_fan_art/
193243k,https://www.reddit.com/r/rose/comments/193243k/rosé/
1931wvw,https://www.reddit.com/r/HayDay/comments/1931wvw/never_saw_anything_like_that/
1931yru,https://www.reddit.com/r/Mold/comments/1931yru/is_this_mold_on_my_walls/
1932402,https://www.reddit.com/r/flipflopfeet/comments/1932402/getting_them_the_attention_they_deserve_i_guess/
19327rg,https://www.reddit.com/r/Ghostbc/comments/19327rg/mummy_dust/
19327rj,https://www.reddit.com/r/BombPartyGossip/comments/19327rj/posted_to_the_bst_page/
193240i,https://www.reddit.com/r/garfieldminusgarfield/comments/193240i/peace_of_mind/
19327rn,https://www.reddit.com/r/superstore/comments/19327rn/why/
1931yvo,https://www.reddit.com/r/DragonballLegends/comments/1931yvo/not_like_it_matters_but_they_updated_the_legends/
1931wwm,https://www.reddit.com/r/pigeon/comments/1931wwm/sudden_paralysis_need_advice/
1931wws,https://www.reddit.com/r/Spunchbob/comments/1931wws/as_hell_naw_they_done_turned_spinach_pop_to_a/
193240t,https://www.reddit.com/r/GenshinTrades/comments/193240t/wts_asia_acc_ar_57/
193240w,https://www.reddit.com/r/Minecrafthmmm/comments/193240w/hmmm/
1931wx1,https://www.reddit.com/r/Karma4Free/comments/1931wx1/upvote_this_post/
1932413,https://www.reddit.com/r/WorldOfTanksBlitz/comments/1932413/when_is_the_next_most_likely_period_for/
1931yw8,https://www.reddit.com/r/AICreatures/comments/1931yw8/baby_dragons/
1931wx5,https://www.reddit.com/r/SaaS/comments/1931wx5/how_often_do_you_accidentally_reply_all_in_an/
1932419,https://www.reddit.com/r/Pokemonart/comments/1932419/oc_pocket_monsters_inc/
193241c,https://www.reddit.com/r/HelloKittyIsland/comments/193241c/looking_for_friends_for_multiplayer/
1931ypd,https://www.reddit.com/r/Risk/comments/1931ypd/watching_ads_doesnt_give_tokens_100_of_the_time/
19327sj,https://www.reddit.com/r/PlanetFitnessMembers/comments/19327sj/first_time_gym_goer/
19327sl,https://www.reddit.com/r/OculusQuest/comments/19327sl/bought_this_bad_boy_for_my_quest_3_what_vd_codec/
19327so,https://www.reddit.com/r/PokemonHome/comments/19327so/lf_bloodmoon_ursaluna_ft_scarlet_paradoxes_below/
1931ypl,https://www.reddit.com/r/FerrariF1/comments/1931ypl/is_this_official_and_why_cant_i_see_many_of_them/
1931ypq,https://www.reddit.com/r/PhR4Dating/comments/1931ypq/35_m4f_looking_for_a_date_and_hope_would_lead_to/
1932jup,https://www.reddit.com/r/thefinals/comments/1932jup/yo_is_embark_ever_going_to_add_this/
1932cci,https://www.reddit.com/r/JackSucksAtLife/comments/1932cci/i_think_this_day_can_mark_the_end_of_the/
1932kkr,https://www.reddit.com/r/mopar/comments/1932kkr/did_this_one_a_while_ago_panther_pink_fink_edroth/
1932cck,https://www.reddit.com/r/coralisland/comments/1932cck/best_sellinghighest_sell_price/
1932jum,https://www.reddit.com/r/kaisamains/comments/1932jum/skin_border_icons/
1932ccs,https://www.reddit.com/r/NahOPwasrightfuckthis/comments/1932ccs/calling_someone_privileged_is_not_a_judgement_of/
1932fb6,https://www.reddit.com/r/aww_gifs/comments/1932fb6/i_will_not_leave_anyone/
1932ccu,https://www.reddit.com/r/dogecoin/comments/1932ccu/loving_the_gains_even_on_red_doge_days/
1932kkt,https://www.reddit.com/r/boardgames/comments/1932kkt/any_word_on_yomi_2_physical/
1932cd0,https://www.reddit.com/r/CrohnsDisease/comments/1932cd0/constipation/
1932fbp,https://www.reddit.com/r/PsychicServices/comments/1932fbp/readings_advice_choices_whats_next_how_to/
19327ti,https://www.reddit.com/r/BradyBunchTVShow/comments/19327ti/ow_my_nose_my_thoughts_in_the_comments_section/
19329sn,https://www.reddit.com/r/InstrumentosMedida/comments/19329sn/adquisición_de_datos_datalogger_de_campo/
1932fcf,https://www.reddit.com/r/Diecast/comments/1932fcf/lets_start_the_day_with_a_classic_beauty_1928/
19329ss,https://www.reddit.com/r/CATpreparation/comments/19329ss/snap_result_doubt/
1932cda,https://www.reddit.com/r/pokemonradicalred/comments/1932cda/1st_timer/
1932ckk,https://www.reddit.com/r/PokemonSleep/comments/1932ckk/suggestions_on_which_evolution/
19329t3,https://www.reddit.com/r/pancakeswap/comments/19329t3/less_than_48_hours_remaining_pancakeswap/
1932fca,https://www.reddit.com/r/IndianStreetBets/comments/1932fca/good_picks_for_longterm/
1932cdn,https://www.reddit.com/r/rccars/comments/1932cdn/latrax_teton_broken_upgrade_advice/
19329ta,https://www.reddit.com/r/Taxidermy/comments/19329ta/snake_preservation/
1932cdr,https://www.reddit.com/r/Dexter/comments/1932cdr/s8/
1932cds,https://www.reddit.com/r/acidmit/comments/1932cds/curiosity_unlocked_watch_till_the_loop_unfolds/
19329su,https://www.reddit.com/r/assignment_solver/comments/19329su/do_you_need_help_with_your_assignment/
1932cdx,https://www.reddit.com/r/Dolls/comments/1932cdx/sunnie_does_mod/
19329tl,https://www.reddit.com/r/NaturalDisastersToday/comments/19329tl/2_min_ago_millions_in_northeast_hit_by_snowstorm/
19329tm,https://www.reddit.com/r/lego/comments/19329tm/the_size_difference_is_pretty_wild/
19327uj,https://www.reddit.com/r/Coachella/comments/19327uj/ticket_limit_for_car_camping/
1932f7u,https://www.reddit.com/r/abiburleigh/comments/1932f7u/the_bone_loss_on_her_teeth_is_insane/
19329ts,https://www.reddit.com/r/wolongfallendynasty/comments/19329ts/long_sword_optimization_questions/
1932kjj,https://www.reddit.com/r/bowhunting/comments/1932kjj/tooth_of_the_arrow_vented_or_solid/
1932cef,https://www.reddit.com/r/USdefaultism/comments/1932cef/does_this_belong_here/
1932fd9,https://www.reddit.com/r/SpyxFamilyMemes/comments/1932fd9/the_best_of_yor_loid_and_anya_shine_bright_like_a/
1932fdg,https://www.reddit.com/r/lostpause/comments/1932fdg/based_ai_vtuber/
19327ta,https://www.reddit.com/r/MEDICOreTARDS/comments/19327ta/padhai_nhi_hori_hai/
19327va,https://www.reddit.com/r/SolCoins/comments/19327va/bnbreakfast_sol_community/
1932jtw,https://www.reddit.com/r/Harley/comments/1932jtw/is_a_street_bob_a_good_first_bike/
1932f6o,https://www.reddit.com/r/CookieRunKingdoms/comments/1932f6o/is_this_a_good_team_i_havent_played_for_a_lot_so/
1932f6q,https://www.reddit.com/r/silverhair/comments/1932f6q/shiki_hanamura_heaven_burns_red/
1932f6r,https://www.reddit.com/r/breakingbadmemes/comments/1932f6r/you_are_not_the_guy/
1932kme,https://www.reddit.com/r/alevel/comments/1932kme/wch1101_chemistry_that_was_one_weird_paper/
1932cfc,https://www.reddit.com/r/darkwebai/comments/1932cfc/a_new_cloudbased_modified_operating_systems/
1932i5l,https://www.reddit.com/r/RDTTR/comments/1932i5l/osmanlı_sarayının_yarattığı_yoksulluk_ve_zulme/
1932cfg,https://www.reddit.com/r/GoddessesOfFambase/comments/1932cfg/join_my_live_group_kitty_klub_only_valid_for_24h/
1932f71,https://www.reddit.com/r/AMPERSANDONE/comments/1932f71/231214_mackiah_seungmo_weverse_media_with_brian/
1932f78,https://www.reddit.com/r/GamingLaptops/comments/1932f78/asus_rog_strix_g16_vs_acer_nitro_16/
1932i7y,https://www.reddit.com/r/CZUR/comments/1932i7y/et24_pro_power_board_replacement/
1932i5z,https://www.reddit.com/r/Ravencoin/comments/1932i5z/overclock_thoughts_and_improvements/
1932kje,https://www.reddit.com/r/TiktokLeeIbrahim/comments/1932kje/what_did_i_just_witness_didnt_know_if_i_was/
1932i64,https://www.reddit.com/r/Muskscent/comments/1932i64/2024s_unisex_perfume_oil_trends_a_journey_of/
1932f7j,https://www.reddit.com/r/k_on/comments/1932f7j/my_guess_of_what_the_burger_yui_was_eating_in_max/
1932kmu,https://www.reddit.com/r/YoutubePromotionn/comments/1932kmu/new_gaming_channel_would_love_some_feedback/
1932f7l,https://www.reddit.com/r/Manhua/comments/1932f7l/need_help_finding_this_manhua/
1932f7m,https://www.reddit.com/r/Trophies/comments/1932f7m/dark_souls_3_just_obtained_feels_amazing/
19329oq,https://www.reddit.com/r/LoveIslandTV/comments/19329oq/daily_discussion_thread/
19329vv,https://www.reddit.com/r/PathOfExileBuilds/comments/19329vv/switch_from_mf/
19329vx,https://www.reddit.com/r/news_italia/comments/19329vx/lintelligenza_artificiale_per_scovare_chi_non/
19329ov,https://www.reddit.com/r/TeslaModelY/comments/19329ov/typo_or_future_ota_play_thousands_of_games/
1932cgh,https://www.reddit.com/r/freedommobile/comments/1932cgh/is_the_real_or_fake/
19329p0,https://www.reddit.com/r/Quest_Supremacy/comments/19329p0/which_ascension_you_are_excited_for/
1932cgl,https://www.reddit.com/r/shadsipics/comments/1932cgl/everyone_there_is_a_lot_of_pics_and_vids_so_it/
19329p5,https://www.reddit.com/r/RomanceClubDiscussion/comments/19329p5/sara_wants_deviya_to_steal_her_fiancè_because_she/
1932cgq,https://www.reddit.com/r/vancongnghiep/comments/1932cgq/bẫy_hơi_dạng_bóng_phao_tunglung_đài_loan_tl65/
1932cgs,https://www.reddit.com/r/jobsindata/comments/1932cgs/data_analysts_wednesday_top_10_highestpaying/
1932f8d,https://www.reddit.com/r/DarkArts/comments/1932f8d/crow_and_the_goddess/
1932i72,https://www.reddit.com/r/FireEmblemHeroes/comments/1932i72/should_i_merge_or_use_some_for_fodder_extra_info/
19329pc,https://www.reddit.com/r/KerbalSpaceProgram/comments/19329pc/kerbinrise_jnsq/
1932jtt,https://www.reddit.com/r/animenocontext/comments/1932jtt/riddle_joker/
1932ch7,https://www.reddit.com/r/snowrunner/comments/1932ch7/finally_got_100_on_michigan/
1932f8t,https://www.reddit.com/r/PalmReading/comments/1932f8t/anything_i_need_to_know/
1932kny,https://www.reddit.com/r/DragonBallBreakers/comments/1932kny/level_2_dragon_change_could_use_a_buff/
19329q1,https://www.reddit.com/r/boutiquebluray/comments/19329q1/sex_fury/
19329wa,https://www.reddit.com/r/Marriage/comments/19329wa/my_wifes_baby_voice/
1932klb,https://www.reddit.com/r/Anna_Ciati_/comments/1932klb/deep_fake_me_bot/
19329qa,https://www.reddit.com/r/teslacanada/comments/19329qa/model_3_highland_is_out/
1932f9h,https://www.reddit.com/r/IndianArtAI/comments/1932f9h/धरत_क_सवरग_बन_रह_ह/
1932i89,https://www.reddit.com/r/ExtendedFamilyTVShow/comments/1932i89/taping_dates/
19327v1,https://www.reddit.com/r/favArt/comments/19327v1/edward_hopper_cape_cod_evening_1939/
1932f9u,https://www.reddit.com/r/discordfriends/comments/1932f9u/24f_looking_for_friends_to_chat_w/
1932jti,https://www.reddit.com/r/pinkfloyd/comments/1932jti/just_got_a_new_tattoo/
1932fa0,https://www.reddit.com/r/okbuddytrailblazer/comments/1932fa0/dot_players/
1932km8,https://www.reddit.com/r/playboicarti/comments/1932km8/lame_ass_nigga_making_fun_of_a_lame_ass_nigga/
1932km9,https://www.reddit.com/r/SCX24/comments/1932km9/factor_55_prolink/
19329r6,https://www.reddit.com/r/LoveIslandAus/comments/19329r6/kale_vs_tom_blyth/
1932kmz,https://www.reddit.com/r/DevilMayCryPOC/comments/1932kmz/i_want_it_now/
1932cbo,https://www.reddit.com/r/antimeme/comments/1932cbo/i_need_to_be_alone/
1932kmd,https://www.reddit.com/r/Udemy/comments/1932kmd/free_coding_courses/
19329ra,https://www.reddit.com/r/tianguancifu/comments/19329ra/it_took_me_three_days/
1932kmf,https://www.reddit.com/r/ToiletTowerDefense/comments/1932kmf/w_or_l/
19329rg,https://www.reddit.com/r/PPOPcommunity/comments/19329rg/a_look_back_at_top_class_host_dorm_and/
1932cc0,https://www.reddit.com/r/crochet/comments/1932cc0/were_can_i_find_this/
1932i9f,https://www.reddit.com/r/OnePiecePowerScaling/comments/1932i9f/garp_vs_chinjao_god_valley_garp/
1932fas,https://www.reddit.com/r/09388287599sara/comments/1932fas/شماره_خاله_09013181164_شماره_خاله_09013181164/
1932fat,https://www.reddit.com/r/Funnymemes/comments/1932fat/talking_to_my_mom/
19329rq,https://www.reddit.com/r/pixarcars/comments/19329rq/how_does_ramone_do_his_own_paint/
19329of,https://www.reddit.com/r/ReadyOrNotGame/comments/19329of/when_the_suspect_knows_youre_trying_to_get_s_rank/
1932ccc,https://www.reddit.com/r/WrestleWithTheJoshis2/comments/1932ccc/saki/
1932jul,https://www.reddit.com/r/kaisamains/comments/1932jul/skin_border_icons/
1932cce,https://www.reddit.com/r/hulk/comments/1932cce/if_i_were_in_these_soldeiers_shoes_i_wouldve_died/
19329ud,https://www.reddit.com/r/Dodocodes/comments/19329ud/looking_for_flowers/
1932rye,https://www.reddit.com/r/EnergyPolitics/comments/1932rye/what_putin_says_to_russian_middle_class/
1932ww7,https://www.reddit.com/r/soccercard/comments/1932ww7/202223_panini_select_115_bukayo_saka_mezzanine/
1932ryg,https://www.reddit.com/r/DeadByDaylightMobile/comments/1932ryg/to_the_daily_posts_of_killer_mains_complaining/
1932pe1,https://www.reddit.com/r/TaweezOnline/comments/1932pe1/exam_men_kamyabi_ka_wazifa_imtihan_men_pass_hone/
1932olm,https://www.reddit.com/r/MyHeroUltraImpactGame/comments/1932olm/mnd_ur_strongarmed_mezo_shoji_plus_ultra_animation/
19331v1,https://www.reddit.com/r/androiddev/comments/19331v1/httpsbountycasinoinfoktw6zm/
1932mmq,https://www.reddit.com/r/DiabloImmortal/comments/1932mmq/first_5/
1932mmr,https://www.reddit.com/r/engaged/comments/1932mmr/guys_isnt_it_pretty/
19331qc,https://www.reddit.com/r/whatsthemoviecalled/comments/19331qc/looking_for_hong_kong_action_movie_used_in_phonk/
1932wwq,https://www.reddit.com/r/forsen/comments/1932wwq/shit_food_day_303_mcd_big_mac_nuggies/
1932peo,https://www.reddit.com/r/teenagers/comments/1932peo/do_yall_think_im_pwetty/
1932wwx,https://www.reddit.com/r/acidreflux/comments/1932wwx/acid_reflux_cold/
1932ko2,https://www.reddit.com/r/Vanderpumpaholics/comments/1932ko2/favourite_zinger/
1932p7q,https://www.reddit.com/r/SanFranciscoTechJobs/comments/1932p7q/pinterest_is_hiring_staff_machine_learning/
1932omf,https://www.reddit.com/r/ak47/comments/1932omf/dph_rail/
1932omj,https://www.reddit.com/r/SpidermanPS4/comments/1932omj/ah_finally_relaxing/
19331v0,https://www.reddit.com/r/adultswim/comments/19331v0/primal_season_2_episode_2_might_be_one_of_the/
1932p7x,https://www.reddit.com/r/GriefSupport/comments/1932p7x/i_cant_sleep/
1932koh,https://www.reddit.com/r/elgato/comments/1932koh/friend_gave_me_his_old_game_capture_hd_was/
1932p9a,https://www.reddit.com/r/travisscott/comments/1932p9a/montreal_this_shit_was_insane/
1932p86,https://www.reddit.com/r/HornyGamers/comments/1932p86/sxting_only/
1932pfc,https://www.reddit.com/r/echojobs/comments/1932pfc/nice_is_hiring_senior_cloud_operations/
19331ve,https://www.reddit.com/r/gamemusic/comments/19331ve/enjoy_some_fresh_mario_lofi_tunes/
1932wv3,https://www.reddit.com/r/GPTStore/comments/1932wv3/created_a_gpt_to_make_really_detailed_lego/
1932p8e,https://www.reddit.com/r/pokemonanime/comments/1932p8e/some_of_my_favourite_shots_from_twilight_wings_i/
19331vk,https://www.reddit.com/r/youtubesubscribe/comments/19331vk/from_overwhelm_toproductivity_a_visual_roadmap_to/
1932mgx,https://www.reddit.com/r/blender/comments/1932mgx/young_and_old_verson/
1932mh0,https://www.reddit.com/r/GlitchProductions/comments/1932mh0/so_if_u_are_cursed_with_luck_wouldnt_u_just/
1932p8m,https://www.reddit.com/r/DreamLeagueSoccer/comments/1932p8m/longest_goal_in_the_game/
1932oni,https://www.reddit.com/r/hardimages/comments/1932oni/carnivorous_herbivores_dont_go_har/
1932p88,https://www.reddit.com/r/BeeSwarmSimulator/comments/1932p88/pov_you_pop_a_sprout_i_swear_the_cub_buddy_be/
1932mhh,https://www.reddit.com/r/BaldursGate3/comments/1932mhh/they_should_have_made_a_comedy_award_just_for_bg3/
1932wti,https://www.reddit.com/r/Netflixwatch/comments/1932wti/fear_street_4_fear_street_prom_queen_begins/
1932wyj,https://www.reddit.com/r/GearsOfWar/comments/1932wyj/one_shot/
19333oe,https://www.reddit.com/r/mtg/comments/19333oe/the_perfect_partners_in_crime/
1932wyn,https://www.reddit.com/r/Left4deadmemes/comments/1932wyn/charger_doin_the_funny_death_pose/
19333og,https://www.reddit.com/r/lovemanga/comments/19333og/read_manga_henshuusha_ga_kaisha_wo_yamete/
1932p9g,https://www.reddit.com/r/PTCGL/comments/1932p9g/61_prize_comeback_with_mewtwo_vunion/
1932mhy,https://www.reddit.com/r/The_Crew/comments/1932mhy/just_a_nice_picture_of_a_noble_m600/
1932p9o,https://www.reddit.com/r/summrs/comments/1932p9o/ima_be_the_happiest_man_alive_signing_this_to_my/
1932usy,https://www.reddit.com/r/drone/comments/1932usy/rumore_spazio_1/
1932mic,https://www.reddit.com/r/Houdini/comments/1932mic/i_am_looking_for_gis_plugins_to_work_with_maps/
1932mig,https://www.reddit.com/r/shimejimascot/comments/1932mig/test/
1932ut5,https://www.reddit.com/r/animegifs/comments/1932ut5/champions_pokemongotcha/
19331qa,https://www.reddit.com/r/sighthounds/comments/19331qa/iggy_suits/
1932mir,https://www.reddit.com/r/rosin/comments/1932mir/anybody_try_this_rosin/
1932wzo,https://www.reddit.com/r/SophiaLearning/comments/1932wzo/new_20_off_codes/
19331qd,https://www.reddit.com/r/FGO/comments/19331qd/please_be_honest_with_me_arent_i_the_most/
1932miw,https://www.reddit.com/r/AllOfUsAreDead/comments/1932miw/what_is_your_fav_type_of_characters/
1932mi4,https://www.reddit.com/r/TopCharacterDesigns/comments/1932mi4/garmadons_oni_form_in_crystalized_is_so_much/
19331ql,https://www.reddit.com/r/geometrydash/comments/19331ql/i_love_maths/
19331qm,https://www.reddit.com/r/AEKAthensFC/comments/19331qm/τέλος_στις_πτήσεις_του_οδυσσέα_στην_οπαπ_αrena/
1932mlp,https://www.reddit.com/r/Constipation/comments/1932mlp/defacting_proctogram/
1932mjh,https://www.reddit.com/r/Eminem/comments/1932mjh/what_song_is_this/
19331r2,https://www.reddit.com/r/Indiangirlsontinder/comments/19331r2/dangerous/
1932uu7,https://www.reddit.com/r/Chaos40k/comments/1932uu7/does_anyone_know_what_third_party_kit_this_is_from/
1932mjk,https://www.reddit.com/r/GOLDACELERIUX/comments/1932mjk/sony_music_me_roba_mis_videos_goldaceleriux/
19331r6,https://www.reddit.com/r/tityfuckrule34/comments/19331r6/tit/
1932z6s,https://www.reddit.com/r/seraphon/comments/1932z6s/paint_advice_needed/
1932pba,https://www.reddit.com/r/TeslaModelX/comments/1932pba/mxp_or_new_3/
1932mjr,https://www.reddit.com/r/innout/comments/1932mjr/rate_my_order/
1932z70,https://www.reddit.com/r/capetown/comments/1932z70/dont_be_left_out/
1932z72,https://www.reddit.com/r/lolacoin/comments/1932z72/expansion_of_bitcoincom_news_into_spanish_and/
1932p7r,https://www.reddit.com/r/BabyBumps/comments/1932p7r/my_cats_nesting/
1932z76,https://www.reddit.com/r/MeatCanyon/comments/1932z76/nico/
1932mk3,https://www.reddit.com/r/Raipur/comments/1932mk3/need_genuine_answers_only/
1932mk5,https://www.reddit.com/r/CryptoGamesNET/comments/1932mk5/wager_quest/
1932wtz,https://www.reddit.com/r/Pedro_Pascal/comments/1932wtz/a_selection_of_pedro_thoughts_ive_collected/
1932mk8,https://www.reddit.com/r/thecrew2/comments/1932mk8/just_a_nice_picture_of_a_noble_m600/
1932rxw,https://www.reddit.com/r/Pikabu/comments/1932rxw/taser_hand_sanitizer_fire/
1932mka,https://www.reddit.com/r/heartbreak/comments/1932mka/tone_im_really_bout_to_leave_and_that_was_really/
1932z6n,https://www.reddit.com/r/tarotreadings/comments/1932z6n/insightful_and_intuitive_readings_new_years/
1932rwc,https://www.reddit.com/r/PCAcademy/comments/1932rwc/any_advice_on_how_to_rp_a_good_character_but_with/
1932rwd,https://www.reddit.com/r/BeginnerWoodWorking/comments/1932rwd/how_to_get_rid_of_the_dark_patches/
1932mke,https://www.reddit.com/r/FansHansenvsPredator/comments/1932mke/when_someone_comes_in_and_immediately_asks_to_use/
1932rz4,https://www.reddit.com/r/NintendoStitch/comments/1932rz4/the_teenage_years_are_tougher_for_some_pokemon/
1932rwr,https://www.reddit.com/r/JeanMains/comments/1932rwr/summer_jean_cosplay_devi_haru_deviharu_devi_haru/
1932mkm,https://www.reddit.com/r/synthrecipes/comments/1932mkm/recreating_drippy_synth/
1932p7l,https://www.reddit.com/r/orks/comments/1932p7l/my_gf_tells_me_they_are_collecting_orks_but_i/
1932mkq,https://www.reddit.com/r/consultingrecruitment/comments/1932mkq/recruitment_agency_in_india/
19331sb,https://www.reddit.com/r/SuperMarioOdyssey/comments/19331sb/enjoy_some_fresh_mario_lofi_tunes/
1932pcd,https://www.reddit.com/r/AcuraTL/comments/1932pcd/progress/
1932wvf,https://www.reddit.com/r/CollegeMemes/comments/1932wvf/yep/
1932mkv,https://www.reddit.com/r/facebook/comments/1932mkv/if_i_have_blocked_someone_on_facebook_can_i_see/
1932mkw,https://www.reddit.com/r/aiArt/comments/1932mkw/ionno_what_i_was_thinking_but_i_thought_it_theres/
1932rwy,https://www.reddit.com/r/Tarkov/comments/1932rwy/tarkov_players/
1932rx3,https://www.reddit.com/r/perfectlycutfucks/comments/1932rx3/it_turns_out_no_i_still_dont_have_rights/
1932ml5,https://www.reddit.com/r/youtube/comments/1932ml5/these_big_youtubers_like_the_game_theorist_arent/
1932p7k,https://www.reddit.com/r/CryptoMoon/comments/1932p7k/rockin_kitties_nft/
1932pcz,https://www.reddit.com/r/grubhubdrivers/comments/1932pcz/the_latest_shenanigans_grubhub_is_doing_to_try_to/
19331uu,https://www.reddit.com/r/mountaindew/comments/19331uu/pitch_black/
1932wxk,https://www.reddit.com/r/Warhammer30k/comments/1932wxk/multiple_barrage_clarification/
19331t7,https://www.reddit.com/r/Alphachan/comments/19331t7/china_wins_again/
1932rxo,https://www.reddit.com/r/Seiko/comments/1932rxo/snkm97_first_watch/
19331t9,https://www.reddit.com/r/NewYouTubeChannels/comments/19331t9/blind_dating_girls_in_front_of_their_dads/
1932uwf,https://www.reddit.com/r/MonopolyGoCardsell/comments/1932uwf/full_carrying_services_for_partners_event/
1932mls,https://www.reddit.com/r/AnimalCrossing/comments/1932mls/restarted_my_island_yet_again/
1932rxt,https://www.reddit.com/r/XRedditors/comments/1932rxt/notts_game_night_video_goes_viral_x_redditors/
19331tg,https://www.reddit.com/r/dating_advice/comments/19331tg/is_it_disgusting_asking_for_a_referral_to_female/
1932rxy,https://www.reddit.com/r/BreakUps/comments/1932rxy/she_break_up_with_bc_im_introverted/
1933aww,https://www.reddit.com/r/PornAddiction/comments/1933aww/hi_am_new_here/
1933da8,https://www.reddit.com/r/pga2k23/comments/1933da8/pga_tour_2k23_steam_deck_gameplay_ps5_remote_play/
1933awy,https://www.reddit.com/r/BabyDogeCoin/comments/1933awy/babydogecoin_is_now_live_and_barking_on_pulsar/
19337vv,https://www.reddit.com/r/GenreArt/comments/19337vv/gerrit_van_honthorst_the_procuress_1625/
1933axh,https://www.reddit.com/r/amcstock/comments/1933axh/gosh_that_is_terrible_hacking_the_sec_x_formerly/
1933da9,https://www.reddit.com/r/NieRAutomataGame/comments/1933da9/nier_automata_a2_cosplay_by_urikunedzumi/
1933ax4,https://www.reddit.com/r/YouTubeGamers/comments/1933ax4/dark_cloud_thirsty_dungeon_playerrojo/
1933ax5,https://www.reddit.com/r/SeeleMains/comments/1933ax5/which_do_you_guys_prefer_i_dont_have_fuxuan/
19337yi,https://www.reddit.com/r/MB2Bannerlord/comments/19337yi/regarding_crashes_on_launch_and_what_i_did_to_fix/
1933gjn,https://www.reddit.com/r/hardaiimages/comments/1933gjn/soc/
19337yt,https://www.reddit.com/r/scambait/comments/19337yt/i_got_my_first_scammer_and_they_immediately_gave/
1933b0l,https://www.reddit.com/r/podcasting/comments/1933b0l/looking_for_advice_on_podcasting_tools/
1933db7,https://www.reddit.com/r/superstarsmtown/comments/1933db7/minho_stay_for_a_night/
19337z8,https://www.reddit.com/r/RoyaleRecruit/comments/19337z8/1000_elite_players_qgrl9vp0/
1933dbc,https://www.reddit.com/r/studentsph/comments/1933dbc/why_cant_there_be_more_passionate_professors/
19337zf,https://www.reddit.com/r/AceAttorneyCirclejerk/comments/19337zf/who_can_relate/
1933ay5,https://www.reddit.com/r/selfpublish/comments/1933ay5/quick_question/
1933ay9,https://www.reddit.com/r/PokemonGoMystic/comments/1933ay9/so_at_this_rate_ill_get_the_hundo_in_like_30_raids/
1933aya,https://www.reddit.com/r/NikkeMobile/comments/1933aya/oh_shit_noir_really_is_a_lucky_rabbit/
1933583,https://www.reddit.com/r/PartneredYoutube/comments/1933583/how_to_go_about_this/
1933ayc,https://www.reddit.com/r/MurderDrones/comments/1933ayc/md_fans_when_they_see_lizzy/
1933aye,https://www.reddit.com/r/FortNiteBR/comments/1933aye/fun_fact_emp_grenades_bounce_off_other_players/
1933fax,https://www.reddit.com/r/LivestreamFail/comments/1933fax/dracula_impression/
1933dbv,https://www.reddit.com/r/OculusReferralLinks/comments/1933dbv/device_apps_25_off/
1933fb5,https://www.reddit.com/r/BeermoneyNL/comments/1933fb5/tot_200_euro_vriendenkorting_voor_nieuwe_klanten/
193358m,https://www.reddit.com/r/DuggarsSnark/comments/193358m/matt_abby_vs_jill_derrick/
1933ayv,https://www.reddit.com/r/PetPack/comments/1933ayv/bliss/
1933dc8,https://www.reddit.com/r/YouTubePromoter/comments/1933dc8/funny_video_of_mufti_sb/
1933dcb,https://www.reddit.com/r/Sat/comments/1933dcb/wait_people_actually_took_the_sat_serious_i_just/
1933az2,https://www.reddit.com/r/Ilovefurries/comments/1933az2/fuckingbuckafterdark/
1933b20,https://www.reddit.com/r/radiohead/comments/1933b20/austin_city_limits_2012/
19337xf,https://www.reddit.com/r/THEBUCKETCULT/comments/19337xf/to_the_guillotine/
1933az9,https://www.reddit.com/r/PlungerPlanet/comments/1933az9/avatarbot_here/
1933593,https://www.reddit.com/r/junjiito/comments/1933593/i_finally_got_her/
19337w4,https://www.reddit.com/r/AnarchyChess/comments/19337w4/why_did_ron_sacrifice_the_horsey_when_he_could/
1933azo,https://www.reddit.com/r/gofundme4everyone/comments/1933azo/i_need_money_to_get_rid_of_acne_with_a_laser/
1933dcv,https://www.reddit.com/r/NarakaBladePoint/comments/1933dcv/tips_for_beginners/
1933ax3,https://www.reddit.com/r/veYakinEvren/comments/1933ax3/quinfall_hakkında_ne_düşünüyorsunuz_asmongold/
19333oh,https://www.reddit.com/r/GlacierNationalPark/comments/19333oh/when_to_book_campsite/
1933gjs,https://www.reddit.com/r/fakehistoryporn/comments/1933gjs/russian_soldier_returning_home_from_a_successful/
19333ok,https://www.reddit.com/r/askcarsales/comments/19333ok/trying_to_buy_a_new_car_for_the_first_time/
1933gix,https://www.reddit.com/r/longtail/comments/1933gix/4507149_slpt_quick_easy_and_free/
19333oq,https://www.reddit.com/r/GreatnessOfWrestling/comments/19333oq/heyy_paul/
1933giz,https://www.reddit.com/r/Kevin/comments/1933giz/help/
1933818,https://www.reddit.com/r/Virology/comments/1933818/anyone_have_a_study_plan/
193359z,https://www.reddit.com/r/ChatGPTPromptGenius/comments/193359z/whatsin_your_opinionthe_best_gpt_for_creative/
1933ddl,https://www.reddit.com/r/reddeadredemption/comments/1933ddl/picked_this_little_beauty_up_from_some_goddam/
19335a5,https://www.reddit.com/r/DarkAngels40k/comments/19335a5/ballistus_dreadnought/
19333pa,https://www.reddit.com/r/NYStateOfMind/comments/19333pa/sum/
19335a7,https://www.reddit.com/r/DnDHomebrew/comments/19335a7/hoplites_second_draft/
1933gjl,https://www.reddit.com/r/CarsIndia/comments/1933gjl/buying_a_used_2015_innova/
1933b0j,https://www.reddit.com/r/runescape/comments/1933b0j/whats_the_best_thieving_target_if_xp_doesnt_matter/
19333ph,https://www.reddit.com/r/Mahouka/comments/19333ph/mayumii_cuteee/
19333pk,https://www.reddit.com/r/COD/comments/19333pk/has_anyone_had_their_stuff_taken_from_them_after/
1933gju,https://www.reddit.com/r/crossword/comments/1933gju/where_is_it/
1933gjv,https://www.reddit.com/r/HotWheelsTr/comments/1933gjv/hw_sth_ler_kaç_koliden_1_çıkıyor/
1933de4,https://www.reddit.com/r/TamilNadu/comments/1933de4/no_visitors_policy/
1933gk0,https://www.reddit.com/r/Appliances/comments/1933gk0/surge_protector_safe_to_use_with_refrigerator/
19335as,https://www.reddit.com/r/PokemonTCG/comments/19335as/advice_on_this_posting_too_good_to_be_true/
1933deh,https://www.reddit.com/r/ProfitingForexTrading/comments/1933deh/metatrader4_100_high_probability_trend/
1933gk8,https://www.reddit.com/r/AfterEffects/comments/1933gk8/video_editor_required/
1933gk9,https://www.reddit.com/r/GENERATESOCS/comments/1933gk9/enhance_your_creative_potential_and_passion_with/
1933gkd,https://www.reddit.com/r/OmniscientReader/comments/1933gkd/this_is_so_sooooooo_satisfying_lmao/
1933gke,https://www.reddit.com/r/valkyrae/comments/1933gke/ramee_reacts_to_rae_imitating_him/
1933b1b,https://www.reddit.com/r/gameverifying/comments/1933b1b/minish_cap_legit_without_mx/
19337vm,https://www.reddit.com/r/rootgame/comments/19337vm/building_the_decree/
19335b8,https://www.reddit.com/r/narutomemes/comments/19335b8/only_people_who_live_in_hong_kong_will_understand/
1933gkl,https://www.reddit.com/r/vinted/comments/1933gkl/anyone_else_developed_a_bit_of_a_vinted_addiction/
19333qf,https://www.reddit.com/r/Darkroom/comments/19333qf/do_people_still_use_dishtray_warmers_or_is_this_a/
1933b1k,https://www.reddit.com/r/MicrosoftTeams/comments/1933b1k/new_teams_video_effects_eg_blur_no_longer_working/
1933gkp,https://www.reddit.com/r/NPD/comments/1933gkp/i_used_my_gf_and_then_basically_broke_her/
1933dey,https://www.reddit.com/r/GalaxyS23Ultra/comments/1933dey/help_my_s23_ultra_doesnt_open_camera_it_showing/
1933gkr,https://www.reddit.com/r/MMFB/comments/1933gkr/im_scared/
19333qn,https://www.reddit.com/r/delta/comments/19333qn/reserve_card/
1933gkw,https://www.reddit.com/r/JackieChan/comments/1933gkw/unleashing_the_wisdom_top_100_jackie_chan_quotes/
1933b1u,https://www.reddit.com/r/VintageNBA/comments/1933b1u/broudy_player_ratings_for_the_7071_season_forwards/
1933gl0,https://www.reddit.com/r/MaggieLindemannNSFW/comments/1933gl0/belly/
19337vi,https://www.reddit.com/r/tmbg/comments/19337vi/does_anyone_have_a_transcription_of_the_clarinet/
19333qw,https://www.reddit.com/r/BMW/comments/19333qw/tyre_sizes/
19337wc,https://www.reddit.com/r/info_103_sp23/comments/19337wc/a_bot_post/
19337wr,https://www.reddit.com/r/Tudor/comments/19337wr/tudor_prince_oysterdate_fake/
19335c4,https://www.reddit.com/r/youweregoodonaccident/comments/19335c4/dont_break_the_chain/
19337wp,https://www.reddit.com/r/Killtony/comments/19337wp/is_this_the_same_woman_from_ep_564_that_had_the/
19333p3,https://www.reddit.com/r/Semenretention/comments/19333p3/semen_retention_and_hair_loss/
1933dfw,https://www.reddit.com/r/NurembergTwo/comments/1933dfw/fjb/
19337wx,https://www.reddit.com/r/Genshin_Impact/comments/19337wx/hands_up_sayu/
19333rm,https://www.reddit.com/r/ftlgame/comments/19333rm/tips_for_going_into_hard_mode/
19337x1,https://www.reddit.com/r/Ernesto_it/comments/19337x1/carmine_ha_richiesto_preventivi_per_muratori_e/
19337vo,https://www.reddit.com/r/Sapmi/comments/19337vo/vuosttasčájálmas_bággojohtimiid_birra_elin_anna/
1933f8b,https://www.reddit.com/r/MrLove/comments/1933f8b/no_voice_acting_for_victors_birthday_event/
1933f8j,https://www.reddit.com/r/PokemonMisprints/comments/1933f8j/mewtwo_card_misprint/
19337xg,https://www.reddit.com/r/3Dprinting/comments/19337xg/terraforming_mars_boardgame_box_went_great_until/
19337xj,https://www.reddit.com/r/PS3/comments/19337xj/my_ps3_collection/
1933dgo,https://www.reddit.com/r/Aldi_employees/comments/1933dgo/changing_jobtitle/
19337vr,https://www.reddit.com/r/okbuddygmd/comments/19337vr/when_the_jumpscare_isnt_congregation/
19337xp,https://www.reddit.com/r/brawlpoll/comments/19337xp/7th_brawl_stars_popularity_poll/
1933f8u,https://www.reddit.com/r/Ogreatgames/comments/1933f8u/ssx_on_tour_breathtaking_skisnowboard_game_psp/
19337xw,https://www.reddit.com/r/flyfishing/comments/19337xw/missing_summer/
1933awn,https://www.reddit.com/r/ebookdeals/comments/1933awn/percy_jackson_demigod_collection_rick_riordan/
19337y0,https://www.reddit.com/r/pesmobile/comments/19337y0/which_one_is_better/
1933n5u,https://www.reddit.com/r/BanPitBulls/comments/1933n5u/on_an_app_for_dog_owners_wasnt_sure_which_flair/
1933qbp,https://www.reddit.com/r/bettafish/comments/1933qbp/help_is_my_betta_dying/
1933oxy,https://www.reddit.com/r/Anarchist/comments/1933oxy/junior_doctors_out_on_strike_but_untied_action/
1933j0n,https://www.reddit.com/r/CDMX/comments/1933j0n/tablero/
1933j0w,https://www.reddit.com/r/BlueEyeSamurai/comments/1933j0w/really_didnt_like_the_ending_have_an_alternate_in/
1933gn1,https://www.reddit.com/r/Ozempic/comments/1933gn1/should_i_increase_dose/
1933j18,https://www.reddit.com/r/PonyTown/comments/1933j18/tf2_pones/
1933qce,https://www.reddit.com/r/youtubepromotion/comments/1933qce/conquering_concurrency_run_golang_goroutines_in/
1933j1b,https://www.reddit.com/r/funnyvideos/comments/1933j1b/man_with_toy_that_repeats_words_gets_pulled_over/
1933j1d,https://www.reddit.com/r/PrideAndPinion/comments/1933j1d/casio/
1933j1g,https://www.reddit.com/r/FilmTheorists/comments/1933j1g/why_matpat_and_others_keep_leaving/
1933oyt,https://www.reddit.com/r/DejaBrew/comments/1933oyt/new_members_intro/
1933j1i,https://www.reddit.com/r/Thewaltenfiles/comments/1933j1i/rizz/
1933oz2,https://www.reddit.com/r/ToxicFamilyMembers/comments/1933oz2/my_toxic_parents/
1933sbz,https://www.reddit.com/r/SkullGirlsMobile/comments/1933sbz/custom_palettes/
1933ix4,https://www.reddit.com/r/4me4u/comments/1933ix4/fuck/
1933n5y,https://www.reddit.com/r/Huawei/comments/1933n5y/get_average_bpm_on_band_8/
1933sc3,https://www.reddit.com/r/AnimalMemes/comments/1933sc3/when_i_became_famous_i_always_said_that_i_would/
1933oz9,https://www.reddit.com/r/pandabuyfinds/comments/1933oz9/are_there_any_links_for_louis_vuitton_tshirts/
1933n7b,https://www.reddit.com/r/starwarsmemes/comments/1933n7b/just_accept_your_clothes_will_always_end_up_ours/
1933scj,https://www.reddit.com/r/artcommissions/comments/1933scj/for_hire_commissions/
1933j2c,https://www.reddit.com/r/Formula1_world/comments/1933j2c/mclarens_brown_in_major_hamilton_claim_wouldnt_be/
1933lty,https://www.reddit.com/r/FanFiction/comments/1933lty/fanfic_with_mc_from_our_world/
1933scu,https://www.reddit.com/r/indianmemer/comments/1933scu/why_so_sad_life/
1933lot,https://www.reddit.com/r/StarWars/comments/1933lot/started_watching_mandalorian_after_finishing/
1933ln6,https://www.reddit.com/r/IndiaCricket/comments/1933ln6/some_indian_batsmen_and_their_trademark_shots/
1933j2s,https://www.reddit.com/r/pagefly/comments/1933j2s/how_do_i_make_a_product_say_was_30_but_now_20/
1933sd1,https://www.reddit.com/r/bollywoodmemes/comments/1933sd1/cant_believe_what_bollywood_was_serving_us_all/
1933j2x,https://www.reddit.com/r/okkolegauposledzony/comments/1933j2x/kolegowie_jakiś_hiński_szpieg_na_informatyku_nie/
1933sd8,https://www.reddit.com/r/crosstradingroblox/comments/1933sd8/ginger_set_giveaway/
1933sd9,https://www.reddit.com/r/indiameme/comments/1933sd9/why_so_sad_life/
1933ivy,https://www.reddit.com/r/lumion/comments/1933ivy/looking_for_tips_to_improve_realism_sketchup_and/
1933lnj,https://www.reddit.com/r/acnh/comments/1933lnj/alice_in_boxes/
1933j0c,https://www.reddit.com/r/Survivorio/comments/1933j0c/what_should_i_use_this_s_crate_on_also_ive_been/
1933gl7,https://www.reddit.com/r/detroitlions/comments/1933gl7/sums_up_the_sub_this_week/
1933j3b,https://www.reddit.com/r/QA_Training/comments/1933j3b/distinction_between_code_bugs_and_defects_in/
1933sdj,https://www.reddit.com/r/HristiyanTurkler/comments/1933sdj/sanatsal_faaliyetler/
1933p0s,https://www.reddit.com/r/LobotomyCorp/comments/1933p0s/found_the_heart_of_aspiration/
1933sds,https://www.reddit.com/r/shitduolingosays/comments/1933sds/how_is_this_even_physically_possible/
1933iwi,https://www.reddit.com/r/Comedian/comments/1933iwi/filtrar_número_56_9_7572_8962_ácoso_a_niña/
1933q9q,https://www.reddit.com/r/riskofrain/comments/1933q9q/why_is_the_name_purring_pygmy_humongus_donkey/
1933iwm,https://www.reddit.com/r/LessCredibleDefence/comments/1933iwm/how_many_can_you_name/
1933iwq,https://www.reddit.com/r/OldSchoolCelebs/comments/1933iwq/priscilla_presley_1970s/
1933se3,https://www.reddit.com/r/unimelb/comments/1933se3/first_year_friends/
1933loe,https://www.reddit.com/r/WeDontSuck/comments/1933loe/guy_selling_bttj_on_the_subreddit/
1933n27,https://www.reddit.com/r/CallOfDutyMobile/comments/1933n27/damascus_camo/
1933j40,https://www.reddit.com/r/Vantruedashcam/comments/1933j40/𝐀_𝐁𝐞𝐠𝐢𝐧𝐧𝐞𝐫𝐬_𝐆𝐮𝐢𝐝𝐞_𝐭𝐨_𝐃𝐚𝐬𝐡𝐜𝐚𝐦_𝐒𝐞𝐥𝐞𝐜𝐭𝐢𝐨𝐧_𝟏𝟎𝟏/
1933ix0,https://www.reddit.com/r/HellLetLooseConsole/comments/1933ix0/any_new_players_want_to_group_up_so_we_can_build/
1933ix2,https://www.reddit.com/r/Why/comments/1933ix2/why_wednesday_is_a_shitty_day/
1933n2g,https://www.reddit.com/r/SatisfactoryGame/comments/1933n2g/noob_question_optimisation_guides/
1933sdo,https://www.reddit.com/r/wallstreetbets/comments/1933sdo/inmode_ltd/
1933n2l,https://www.reddit.com/r/TrueDetective/comments/1933n2l/the_hubris_it_must_take_to_yank_a_soul_out_of_non/
1933seo,https://www.reddit.com/r/BallsDex/comments/1933seo/missing_two_res/
1933j02,https://www.reddit.com/r/specializedbikes/comments/1933j02/specialized_dolce_elite/
1933set,https://www.reddit.com/r/EmpiresAndPuzzles/comments/1933set/after_a_year_and_a_half/
1933q8n,https://www.reddit.com/r/PokemonSwordAndShield/comments/1933q8n/looking_to_finish_pokédex/
1933n31,https://www.reddit.com/r/DaBestMemes/comments/1933n31/ayo_bro_lemme_explain_lemme_explain/
1933q8v,https://www.reddit.com/r/yakuzagames/comments/1933q8v/god_i_hope/
1933n35,https://www.reddit.com/r/davinciresolve/comments/1933n35/can_i_view_my_vertical_videos_in_the_mediapool/
1933lmu,https://www.reddit.com/r/MemeCrypto/comments/1933lmu/crypto_humor_hacker_approves_bitcoin_etf_on_secs/
1933lpj,https://www.reddit.com/r/FreeDice_MonopolyGo/comments/1933lpj/monopoly_go_friends/
1933iy5,https://www.reddit.com/r/RedMagic/comments/1933iy5/how_ai_trigger_works/
1933q9a,https://www.reddit.com/r/malatidiserie/comments/1933q9a/echo_con_la_serie_fa_il_suo_esordio_anche_lintro/
1933q8t,https://www.reddit.com/r/Twitch_Startup/comments/1933q8t/anyone_for_some_old_school/
1933q9i,https://www.reddit.com/r/mildlyinteresting/comments/1933q9i/this_grapefruit/
1933q9l,https://www.reddit.com/r/brawlstarsmodding/comments/1933q9l/novo_pacote_de_gemas/
1933iyj,https://www.reddit.com/r/4thGen4Runner/comments/1933iyj/last_day/
1933n3y,https://www.reddit.com/r/agedlikemilk/comments/1933n3y/aged_like_milk/
1933oxh,https://www.reddit.com/r/YAlit/comments/1933oxh/is_isolde_from_king_of_battle_and_blood_black/
1933gmy,https://www.reddit.com/r/LuxuryRepsBags/comments/1933gmy/hi_im_wendy_i_sell_high_quality_leather_and_well/
1933n42,https://www.reddit.com/r/AnaMains/comments/1933n42/when_your_team_says_ana_diff_in_the_chat/
1933gli,https://www.reddit.com/r/JUSTINBIEBER/comments/1933gli/official_website_has_purpose_tour_merch_on_it/
1933n47,https://www.reddit.com/r/shanghai_to_suzhou/comments/1933n47/how_to_get_to_suzhou_hotel_from_shanghai/
1933n48,https://www.reddit.com/r/Repsneakers4u/comments/1933n48/jordan_3_retro_fear_pack_2023_from_jordanperfect/
1933qa2,https://www.reddit.com/r/outlast/comments/1933qa2/why_do_we_this_guys_arms_look_like_this/
1933glo,https://www.reddit.com/r/CarsIndia/comments/1933glo/volkswagen_integrates_chatgpt_into_its_vehicle/
1933qa6,https://www.reddit.com/r/RobertDeNiro/comments/1933qa6/from_raging_bull_to_inspirational_icon_72/
1933glt,https://www.reddit.com/r/CurcuminSupplements/comments/1933glt/a_subpopulation_of_the_k562_cells_chronic/
1933glv,https://www.reddit.com/r/ironman/comments/1933glv/avengers_9/
1933qac,https://www.reddit.com/r/PLTR/comments/1933qac/palantir_prix_highlights/
1933glz,https://www.reddit.com/r/flightsim/comments/1933glz/difference_between_1920x1080_and_4k/
1933q8x,https://www.reddit.com/r/malatidiserie/comments/1933q8x/le_serie_netflix_marvel_fanno_parte_della/
1933qaj,https://www.reddit.com/r/omoshiroi_eigo_bunpou/comments/1933qaj/英単語解説consentedの意味について/
1933n5m,https://www.reddit.com/r/fuckthepopulation/comments/1933n5m/ftp_dirty_mary_button_up/
1933izi,https://www.reddit.com/r/YetiCoolers/comments/1933izi/treated_myself_to_an_ever_so_slightly_larger_yeti/
1933lr4,https://www.reddit.com/r/suzerain/comments/1933lr4/and_yet_deivid_calls_me_a_radical_centrist/
1933qar,https://www.reddit.com/r/couponsfromchina/comments/1933qar/amazfit_gtr_4_smart_watch_for_15284_usd_with/
1933lr9,https://www.reddit.com/r/startrekfleetcommand/comments/1933lr9/ultimate_xindi_hostile_guide/
1933gmh,https://www.reddit.com/r/OculusReferral/comments/1933gmh/quest_3_headset_referral_code_get_30_meta_store/
1933gmi,https://www.reddit.com/r/drums/comments/1933gmi/missing_my_baby/
1933qb3,https://www.reddit.com/r/bestdogbreeds/comments/1933qb3/classic_dog_names_that_never_go_out_of_style/
1933gmo,https://www.reddit.com/r/RogueUnicorn/comments/1933gmo/chef_awesome/
1933lrl,https://www.reddit.com/r/AusRenovation/comments/1933lrl/what_should_i_do_about_these_gaps_in_the/
1933oxe,https://www.reddit.com/r/AdviceForTeens/comments/1933oxe/how_do_i_tell_my_parents_im_dating_someone/
1933n9a,https://www.reddit.com/r/Healthygamergg/comments/1933n9a/fear_of_not_achieving_my_goals/
1933j08,https://www.reddit.com/r/FigmaDesign/comments/1933j08/hey_im_new_to_figma_i_made_some_designs_and_would/
1933ln8,https://www.reddit.com/r/IVF/comments/1933ln8/meds_donation_nyc/
1933qbe,https://www.reddit.com/r/ariheads/comments/1933qbe/minions_for_yes_and/
1933gn0,https://www.reddit.com/r/CLUBGGPOKERBESTCLUBS/comments/1933gn0/looking_for_freerolls_hows_this_id_111199/
1933oxp,https://www.reddit.com/r/BoneAppleTea/comments/1933oxp/gotta_get_it_from_the_source/
19343r4,https://www.reddit.com/r/G59/comments/19343r4/ruby_in_2013/
1933wg1,https://www.reddit.com/r/discordVideos/comments/1933wg1/pick_your_poison/
1933yf8,https://www.reddit.com/r/AussieTikTokSnark/comments/1933yf8/bella_ppdpnd/
1933u9z,https://www.reddit.com/r/BladeBall/comments/1933u9z/6969_coins/
1933zm0,https://www.reddit.com/r/Interpol/comments/1933zm0/interpol_flowchart_for_beginners/
19343rd,https://www.reddit.com/r/Fishing_Gear/comments/19343rd/best_bait_casting_combo_for_around_300350/
1933ydz,https://www.reddit.com/r/Eldar/comments/1933ydz/printouts_cheatreference_sheets/
1933si4,https://www.reddit.com/r/Hatfilms/comments/1933si4/_/
1933wgd,https://www.reddit.com/r/IndieDev/comments/1933wgd/every_developer_on_twitter/
19343rk,https://www.reddit.com/r/fightsticks/comments/19343rk/mayflash_f700_there_is_a_5_pin_connector_on_pcb/
1933wgi,https://www.reddit.com/r/find/comments/1933wgi/please_bro_im_desperate_find_this_song_bro_please/
1933sic,https://www.reddit.com/r/BethesdaSoftworks/comments/1933sic/account_hacked/
1933sfi,https://www.reddit.com/r/MartialFetish/comments/1933sfi/a_little_fight/
1933sif,https://www.reddit.com/r/vrtomfoolery/comments/1933sif/blade_sorcery_in_2024/
1933sig,https://www.reddit.com/r/diablo2/comments/1933sig/d2r_isnt_d2_separate_dis_thread_or_create_new_one/
1933wgp,https://www.reddit.com/r/lonely/comments/1933wgp/all_my_friends_have_been_in_and_out_and_back_in/
1933sin,https://www.reddit.com/r/dalle2/comments/1933sin/only_photos_of_darpas_wather_control_superweapon/
1933yc0,https://www.reddit.com/r/blogclif/comments/1933yc0/classic_cammy_white_cosplay_recipe/
1933wh8,https://www.reddit.com/r/pokemonshowdown/comments/1933wh8/first_time_building_a_team_improvements_please/
19341f2,https://www.reddit.com/r/VengeanceIsMine/comments/19341f2/one_of_us_is_lying_and_the_breakfast_club/
1933whb,https://www.reddit.com/r/PiratedGames/comments/1933whb/anybody_has_a_fix_for_this_i_downloaded_forza/
1933whc,https://www.reddit.com/r/Aeroplan/comments/1933whc/amex_and_aeroplan_credit_card/
19341hk,https://www.reddit.com/r/lotrmemes/comments/19341hk/im_sorry_what/
1933ub9,https://www.reddit.com/r/StupidFood/comments/1933ub9/this_advertisement_in_my_fortune_cookie/
19341fc,https://www.reddit.com/r/eczema/comments/19341fc/cibinqo_medicine_experience/
19341fd,https://www.reddit.com/r/q50/comments/19341fd/lil_edit/
19341fi,https://www.reddit.com/r/KanagawaWave/comments/19341fi/大的要来嘞/
19341fj,https://www.reddit.com/r/Advice/comments/19341fj/should_i_tell_her_im_getting_attached/
1933ubm,https://www.reddit.com/r/NetflixBestOf/comments/1933ubm/discussion_binge_worthy_shows_on_netflix_hulu/
1933zno,https://www.reddit.com/r/okprietenretardat/comments/1933zno/ikea_ps/
1933wi2,https://www.reddit.com/r/LegendsOfRuneterra/comments/1933wi2/turn_6_against_ramp/
19341fx,https://www.reddit.com/r/Frickin/comments/19341fx/another_embarrassing_sexist_chess_moment_frickin/
1933si5,https://www.reddit.com/r/WhatsOnSteam/comments/1933si5/cat_palette_merging_colorful_kittens_in_this_2d/
1933uc4,https://www.reddit.com/r/fantasypremierleague/comments/1933uc4/what_do_i_use_my_ft_on_6_in_the_bank_plus_captain/
1933wig,https://www.reddit.com/r/gpdwinmax/comments/1933wig/bigger_ram_usage_than_it_should_be/
1933uc9,https://www.reddit.com/r/LssAutomation/comments/1933uc9/this_an_automation_added_post_for_1012024_084832/
1933uca,https://www.reddit.com/r/Teethcare/comments/1933uca/chipped_teeth/
19341gc,https://www.reddit.com/r/ClashMini/comments/19341gc/ok/
1933ucf,https://www.reddit.com/r/MMA/comments/1933ucf/muay_thai_vs_boxing_vs_kickboxing/
1933uch,https://www.reddit.com/r/Daniellarson/comments/1933uch/theory_about_the_origin_and_usage_of_emergency/
19341gm,https://www.reddit.com/r/DraftEPL/comments/19341gm/have_i_got_this_right/
19341gn,https://www.reddit.com/r/motivation/comments/19341gn/tristan_tates_millionaire_students_from_the_real/
19341gp,https://www.reddit.com/r/EnglishLearning/comments/19341gp/i_still_have_a_question_about_past_perfect/
1933zor,https://www.reddit.com/r/unrealengine4/comments/1933zor/remnant_from_the_ashes_16_going_to_ward_16_and/
19341gv,https://www.reddit.com/r/HauntedMound/comments/19341gv/all_the_turn_haters_are_gonna_stay_quiet_after/
1933ucw,https://www.reddit.com/r/thetagang/comments/1933ucw/smci/
1933zoy,https://www.reddit.com/r/PSO2/comments/1933zoy/weekly_game_questions_and_help_thread_megathread/
1933wja,https://www.reddit.com/r/BloxFruitsTradingHub/comments/1933wja/trading_my_leo_for_trex_or_dragon/
1933ud6,https://www.reddit.com/r/ACSuttles/comments/1933ud6/page_15_amwriting_writingcommunity_epic_fantasy/
1933ydb,https://www.reddit.com/r/shaving/comments/1933ydb/foil_shaving_product/
1933udb,https://www.reddit.com/r/Pilze/comments/1933udb/behangener_düngerling_unbekannter_pilz/
19341gr,https://www.reddit.com/r/BassGuitar/comments/19341gr/would_you_guys_make_this_trade_mim_fender/
19341hh,https://www.reddit.com/r/okbuddybfdi/comments/19341hh/smash_or_pass/
1933zpk,https://www.reddit.com/r/RedditShoppingDeals/comments/1933zpk/27_philips_4k_uhd_ips_frameless_monitor_230_free/
1933wfg,https://www.reddit.com/r/MauriceMandy/comments/1933wfg/yeah_sure_you_run_it/
1933ybu,https://www.reddit.com/r/Chadtopia/comments/1933ybu/chad_photographer_does_not_allowed_his_disability/
1933ybv,https://www.reddit.com/r/ShitPostCrusaders/comments/1933ybv/making_reset_for_the_first_time_and_speeding_up/
1933ybz,https://www.reddit.com/r/GoodAnimeme/comments/1933ybz/top_10_characters_i_like_but_everyone_else_hates/
1933wk0,https://www.reddit.com/r/punishment_panic/comments/1933wk0/its_a_very_simple_situation_apparently_the_world/
19341ht,https://www.reddit.com/r/Pricefield/comments/19341ht/pricefield_forever_by_crazycombine1312/
1933sew,https://www.reddit.com/r/DIYUK/comments/1933sew/what_to_fix_20mm_mdf_panels_to_brick_wall_with/
1933ycb,https://www.reddit.com/r/MyFavOnlyfansModels/comments/1933ycb/onlyfans_model_do_you_join_me/
1933sh3,https://www.reddit.com/r/amsterdam_rave/comments/1933sh3/hey_first_post_here_ill_be_traveling_to_the_dgtl/
1933wkj,https://www.reddit.com/r/nutmeg/comments/1933wkj/smoke/
19343rh,https://www.reddit.com/r/RocketLeagueEsports/comments/19343rh/crespor_on_rlcs_announcement/
1933wkl,https://www.reddit.com/r/autismmemes/comments/1933wkl/any_tips_for_rhythm_games_love_them_but_cant/
1933sfa,https://www.reddit.com/r/SeaLionFacts/comments/1933sfa/shes_a_bit_bored_sea_lions_cause_chaos_in_coastal/
19341ig,https://www.reddit.com/r/puppersheckingdying/comments/19341ig/_/
1933ycq,https://www.reddit.com/r/Watches/comments/1933ycq/raymond_weil_geneve_hello_im_19_ive_recently_got/
1933wkr,https://www.reddit.com/r/Fighters/comments/1933wkr/hokuto_no_ken_is_crazy/
1933sfg,https://www.reddit.com/r/Frieren/comments/1933sfg/why_are_they_traveling_to_heaven/
1933wkt,https://www.reddit.com/r/YoutubeMusic/comments/1933wkt/podcast_experience_outside_usa_is_totally/
1933ycu,https://www.reddit.com/r/EndlessWar/comments/1933ycu/the_russian_art_of_war_how_the_west_led_ukraine/
1933wkx,https://www.reddit.com/r/FORYOUTUBEVIDEOSEO/comments/1933wkx/can_mom_survive_the_skibidi_tower_defense_mayhem/
1933wl1,https://www.reddit.com/r/Chainsawfolk/comments/1933wl1/marriage/
1933wl2,https://www.reddit.com/r/extremelyinfuriating/comments/1933wl2/recovering_but_felt_the_need_to_put_this_out_there/
1933yd3,https://www.reddit.com/r/characterdrawing/comments/1933yd3/lfanorren_sshstarm_planetrapped_expaladin_of_lolth/
1933zqz,https://www.reddit.com/r/PSO2NGS/comments/1933zqz/weekly_game_questions_and_help_thread_megathread/
1933zr3,https://www.reddit.com/r/rustjob/comments/1933zr3/palmetto_clean_technology_is_hiring_senior/
1933wlc,https://www.reddit.com/r/mkxmobile/comments/1933wlc/how_to_defeat_these_guys_thanks/
1933sg2,https://www.reddit.com/r/StarWarsFanArt/comments/1933sg2/would_you_read_a_comic_book_chronicling_the_early/
1933u83,https://www.reddit.com/r/androidwatchfaces/comments/1933u83/todays_free_samwatch_simple_sigma/
1933u84,https://www.reddit.com/r/Genderscanner/comments/1933u84/gendern_erkannt_in_rde/
19341h2,https://www.reddit.com/r/buyyourequipment/comments/19341h2/who_buys_equipment_buy_your_equipment/
1933zrd,https://www.reddit.com/r/BokuNoMetaAcademia/comments/1933zrd/what_happen_here_wrong_answer_only/
1933sgc,https://www.reddit.com/r/ShitLiberalsSay/comments/1933sgc/zionist_lurking_on_a_propalestine_subreddit/
1933u8d,https://www.reddit.com/r/Repdesignerwatch1/comments/1933u8d/m_factory_ace_pilot/
1933u8f,https://www.reddit.com/r/ShopeePH/comments/1933u8f/what_should_i_do/
1933u8n,https://www.reddit.com/r/WWEGames/comments/1933u8n/some_recent_screenshots_from_my_aew_universe/
19343q1,https://www.reddit.com/r/legocirclejerk/comments/19343q1/marvel_lego_fans_when_sets_for_children_exist/
1933ubz,https://www.reddit.com/r/MarvelPuzzleQuest/comments/1933ubz/viability_of_devs_continual_generosity/
1933wm4,https://www.reddit.com/r/Oakley/comments/1933wm4/oakley_peak_rc_25l_backpack/
19341f0,https://www.reddit.com/r/weeklyads/comments/19341f0/amazon_fresh_weekly_ad_jan_10_16_2024/
1933zlo,https://www.reddit.com/r/RomanceClub/comments/1933zlo/romance_wednesday_10012024/
1933zsc,https://www.reddit.com/r/mfdoom/comments/1933zsc/does_anyone_know_where_i_could_get_some_good_fake/
19343qn,https://www.reddit.com/r/AlicaSchmidt/comments/19343qn/tight_leggins_ig_story/
1933yew,https://www.reddit.com/r/GymMemes/comments/1933yew/someone_compliments_your_physique_in_the_gym/
1933shm,https://www.reddit.com/r/KidCudi/comments/1933shm/50_off_entergalactic_vinyl/
1933yf0,https://www.reddit.com/r/MonsterHigh/comments/1933yf0/goreganizer_dolls/
1933sh8,https://www.reddit.com/r/ItemShop/comments/1933sh8/wrathful_orihalcum_chain_of_chaos_carnage/
19343sy,https://www.reddit.com/r/SpyxFamily/comments/19343sy/soldier_mouth/
1934og7,https://www.reddit.com/r/ActionTaimaninGame/comments/1934og7/blue_hair_girls_trio/
19343t6,https://www.reddit.com/r/bokunokokoro/comments/19343t6/one_of_the_biggest_problem_in_anime/
19343uz,https://www.reddit.com/r/AntiComAction/comments/19343uz/a_communists_favourite_debate_tactic_motte_and/
1936xxo,https://www.reddit.com/r/everyonesplaces/comments/1936xxo/bye_i_will_be_gone_for_1hr_unknown_minutes/
19343th,https://www.reddit.com/r/FORTnITE/comments/19343th/fornite_on_pc_with_ps5_controller/
1b1eiaf,https://www.reddit.com/r/altcountry/comments/1b1eiaf/a_moodier_alternative_version_of_luke_combs/
19347bv,https://www.reddit.com/r/GTA6/comments/19347bv/i_think_lots_of_people_are_going_to_be/
19343vi,https://www.reddit.com/r/DankIndianMeme/comments/19343vi/asli_dank/
1az9g5z,https://www.reddit.com/r/JunWuCiWeiMian/comments/1az9g5z/军友也要辉之洗屄要用洗屄液/
19343sf,https://www.reddit.com/r/AmazonFC/comments/19343sf/amazon_denied_my_ploa_request_was_requested_under/
1aw9yg2,https://www.reddit.com/r/u_dj-jvnipvrr/comments/1aw9yg2/list_of_good_things_that_have_happened_to_me_over/
1934ogr,https://www.reddit.com/r/Ningen/comments/1934ogr/what_is_shallot_doing_in_aot_and_why_is_he_a/
193709x,https://www.reddit.com/r/batman/comments/193709x/according_to_bleeding_cool_ben_abernathy_has/
19343sd,https://www.reddit.com/r/TrueSTL/comments/19343sd/what_too_much_moon_sugar_does_to_a_mf/
1axzo33,https://www.reddit.com/r/JunWuCiWeiMian/comments/1axzo33/removed_by_reddit/
19345wy,https://www.reddit.com/r/BudgetAudiophile/comments/19345wy/yamaha_audio_as301bl_vs_onkyo_tx8220/
19370ac,https://www.reddit.com/r/HonkaiStarRail/comments/19370ac/_/
19343ue,https://www.reddit.com/r/DCcomics/comments/19343ue/filmtv_batman_beyond_turned_25/
1aw4a7t,https://www.reddit.com/r/u_dj-jvnipvrr/comments/1aw4a7t/list_of_bad_things_that_have_happened_to_me_in/
19377b0,https://www.reddit.com/r/CuratedTumblr/comments/19377b0/matpat_leaves_youtube/
1aze2ny,https://www.reddit.com/r/JunWuCiWeiMian/comments/1aze2ny/removed_by_reddit/
