id,permalink,date,ip,subreddit,gildings,title,url,body
1axlhmo,https://www.reddit.com/r/u_dj-jvnipvrr/comments/1axlhmo/yeah/,2024-02-22 23:37:03 UTC,24.251.46.116,u_dj-jvnipvrr,0,Yeah.,https://i.redd.it/ub3ybjvv28kc1.png,
1b11qv5,https://www.reddit.com/r/FFXII/comments/1b11qv5/request_the_original_quote_from_ashe_about_power/,2024-02-27 03:29:21 UTC,24.251.46.116,FFXII,0,Request: The original quote from Ashe about power.,/r/FFXII/comments/1b11qv5/request_the_original_quote_from_ashe_about_power/,It seems the original quote by Ashe about power is nowhere to be found on the internet. Does someone here have the original script?
1avoozo,https://www.reddit.com/r/u_dj-jvnipvrr/comments/1avoozo/placing_this_here_for_good_measure_because_you/,2024-02-20 18:20:58 UTC,24.251.46.116,u_dj-jvnipvrr,0,Placing this here for good measure (because you just never know):,/r/u_dj-jvnipvrr/comments/1avoozo/placing_this_here_for_good_measure_because_you/,I am not currently in any relationship. Anybody who says they are in a relationship with me is lying.
1ayj4hx,https://www.reddit.com/r/u_dj-jvnipvrr/comments/1ayj4hx/protect_transgender_kids/,2024-02-24 02:24:20 UTC,24.251.46.116,u_dj-jvnipvrr,0,Protect transgender kids.,/r/u_dj-jvnipvrr/comments/1ayj4hx/protect_transgender_kids/,
1avp0jr,https://www.reddit.com/r/u_dj-jvnipvrr/comments/1avp0jr/terfs_are_not_welcome/,2024-02-20 18:33:43 UTC,24.251.46.116,u_dj-jvnipvrr,0,TERFs are not welcome.,/r/u_dj-jvnipvrr/comments/1avp0jr/terfs_are_not_welcome/,That is all.
1aw4voi,https://www.reddit.com/r/u_dj-jvnipvrr/comments/1aw4voi/the_previous_posts_will_be_left_up_for_the_next/,2024-02-21 06:09:04 UTC,24.251.46.116,u_dj-jvnipvrr,0,"The previous posts will be left up for the next several hours, and taken down thereafter.",/r/u_dj-jvnipvrr/comments/1aw4voi/the_previous_posts_will_be_left_up_for_the_next/,
1ay1u8e,https://www.reddit.com/r/u_dj-jvnipvrr/comments/1ay1u8e/hell_hath_no_fury_like_a_woman_scorned/,2024-02-23 14:31:15 UTC,24.251.46.116,u_dj-jvnipvrr,0,Hell hath no fury like a woman scorned.,/r/u_dj-jvnipvrr/comments/1ay1u8e/hell_hath_no_fury_like_a_woman_scorned/,
1avpjbt,https://www.reddit.com/r/u_dj-jvnipvrr/comments/1avpjbt/terfs_bigots_and_nazis_are_not_welcome/,2024-02-20 18:54:33 UTC,24.251.46.116,u_dj-jvnipvrr,0,"TERFs, bigots, and nazis are not welcome.",/r/u_dj-jvnipvrr/comments/1avpjbt/terfs_bigots_and_nazis_are_not_welcome/,
1alywyk,https://www.reddit.com/r/trans/comments/1alywyk/never_let_any_person_decide_your_life_and_who_you/,2024-02-08 15:57:40 UTC,24.251.46.116,trans,0,Never let any person decide your life and who you are.,/r/trans/comments/1alywyk/never_let_any_person_decide_your_life_and_who_you/,
1aw9yg2,https://www.reddit.com/r/u_dj-jvnipvrr/comments/1aw9yg2/list_of_good_things_that_have_happened_to_me_over/,2024-02-21 11:35:45 UTC,24.251.46.116,u_dj-jvnipvrr,0,List of good things that have happened to me over the past two years,/r/u_dj-jvnipvrr/comments/1aw9yg2/list_of_good_things_that_have_happened_to_me_over/,"Transitioned into a woman both physically and legally

Finally embracing myself and becoming a porn star like I always wanted

Disowned my culty abusive family

Happily living divorced, childfree, single life"
1avdd43,https://www.reddit.com/r/u_dj-jvnipvrr/comments/1avdd43/disowning_my_family/,2024-02-20 09:09:02 UTC,24.251.46.116,u_dj-jvnipvrr,0,Disowning my family,/r/u_dj-jvnipvrr/comments/1avdd43/disowning_my_family/,"Hi,

&#x200B;

My family is a cult. If they say anything about me being a part of the family, they are lying as I have disowned them. Nothing but a bunch of old dogs who don't understand how to be anything but abusive. They do not speak for me. They do not own me. They never bothered to learn a damn thing about me. I am leaving this post here to place them on blast. They can cry, whine, and moan all they like."
1b2skkk,https://www.reddit.com/r/FinalFantasyXII/comments/1b2skkk/request_the_original_quote_from_ashe_about_power/,2024-02-29 05:26:42 UTC,24.251.46.116,FinalFantasyXII,0,Request: The original quote from Ashe about power.,/r/FinalFantasyXII/comments/1b2skkk/request_the_original_quote_from_ashe_about_power/,"It seems the original quote by Ashe about power is nowhere to be found on the internet, or I'm just missing something. I even looked at scripts for this game online. Does someone here have the original quote? "
1axefj9,https://www.reddit.com/r/u_dj-jvnipvrr/comments/1axefj9/came_crawling_out_of_the_woodworks_like_i_said/,2024-02-22 18:56:38 UTC,24.251.46.116,u_dj-jvnipvrr,0,Came crawling out of the woodworks like I said was going to happen.,/r/u_dj-jvnipvrr/comments/1axefj9/came_crawling_out_of_the_woodworks_like_i_said/,
1aw4wmm,https://www.reddit.com/r/u_dj-jvnipvrr/comments/1aw4wmm/the_previous_two_posts_will_be_up_for_the_next/,2024-02-21 06:10:27 UTC,24.251.46.116,u_dj-jvnipvrr,0,"The previous two posts will be up for the next several hours, and removed thereafter.",/r/u_dj-jvnipvrr/comments/1aw4wmm/the_previous_two_posts_will_be_up_for_the_next/,Everything else stays.
1aw4ai8,https://www.reddit.com/r/u_dj-jvnipvrr/comments/1aw4ai8/list_of_good_things_that_have_happened_to_me_in/,2024-02-21 05:36:50 UTC,24.251.46.116,u_dj-jvnipvrr,0,List of good things that have happened to me in the last two years,/r/u_dj-jvnipvrr/comments/1aw4ai8/list_of_good_things_that_have_happened_to_me_in/,"* Transitioned into a woman both physically and legally
* Finally embracing myself and becoming a porn star like I always wanted
* Disowned my culty abusive family
* Happily living divorced, childfree, single life"
1ayj7hv,https://www.reddit.com/r/trans/comments/1ayj7hv/protect_transgender_kids/,2024-02-24 02:28:28 UTC,24.251.46.116,trans,0,Protect transgender kids. ðŸ–¤,/r/trans/comments/1ayj7hv/protect_transgender_kids/,That is all.
1aw4a7t,https://www.reddit.com/r/u_dj-jvnipvrr/comments/1aw4a7t/list_of_bad_things_that_have_happened_to_me_in/,2024-02-21 05:36:23 UTC,24.251.46.116,u_dj-jvnipvrr,0,List of bad things that have happened to me in the last two years,/r/u_dj-jvnipvrr/comments/1aw4a7t/list_of_bad_things_that_have_happened_to_me_in/,"* A doctor misdiagnosed me as schizophrenic, give me medication that physically made me faint and injure myself and refused to change them after telling them
* My HRT meds were messed with unconsentually by someone unknown and also potentially stolen
* Private space broken into
* Sexually assaulted/raped in my sleep by someone unknown
* Had sex with someone who didn't use a condom without my consent
* Sexually assaulted by my mom in my sleep while living at her house
* Harassed at work for my trans identity
* Food was filled with dangerous objects by my mom while living at her house
* Property stolen
* Property damaged/sabotaged
* Hit by a car (likely intentionally so my mom could commit auto insurance fraud)
* Delivered objects were filled with feces
* Car was vandalized
* Clothing stolen
* A snake was released into my room by my aunt while living at my moms house"
1b11z3z,https://www.reddit.com/r/FinalFantasyXII/comments/1b11z3z/request_the_original_quote_from_ashe_about_power/,2024-02-27 03:40:28 UTC,24.251.46.116,FinalFantasyXII,0,Request: The original quote from Ashe about power.,/r/FinalFantasyXII/comments/1b11z3z/request_the_original_quote_from_ashe_about_power/,"I posted this on the other FFXII subreddit, yet this one looks to be here first. It seems the original quote by Ashe about power is nowhere to be found on the internet. Does someone here have the original script? "
