id,permalink,date,ip,subreddit,gildings,url
1axlhmo,https://www.reddit.com/r/u_dj-jvnipvrr/comments/1axlhmo/yeah/,2024-02-22 23:37:03 UTC,24.251.46.116,u_dj-jvnipvrr,0,https://i.redd.it/ub3ybjvv28kc1.png
1b11qv5,https://www.reddit.com/r/FFXII/comments/1b11qv5/request_the_original_quote_from_ashe_about_power/,2024-02-27 03:29:21 UTC,24.251.46.116,FFXII,0,/r/FFXII/comments/1b11qv5/request_the_original_quote_from_ashe_about_power/
1avoozo,https://www.reddit.com/r/u_dj-jvnipvrr/comments/1avoozo/placing_this_here_for_good_measure_because_you/,2024-02-20 18:20:58 UTC,24.251.46.116,u_dj-jvnipvrr,0,/r/u_dj-jvnipvrr/comments/1avoozo/placing_this_here_for_good_measure_because_you/
1ayj4hx,https://www.reddit.com/r/u_dj-jvnipvrr/comments/1ayj4hx/protect_transgender_kids/,2024-02-24 02:24:20 UTC,24.251.46.116,u_dj-jvnipvrr,0,/r/u_dj-jvnipvrr/comments/1ayj4hx/protect_transgender_kids/
1avp0jr,https://www.reddit.com/r/u_dj-jvnipvrr/comments/1avp0jr/terfs_are_not_welcome/,2024-02-20 18:33:43 UTC,24.251.46.116,u_dj-jvnipvrr,0,/r/u_dj-jvnipvrr/comments/1avp0jr/terfs_are_not_welcome/
1aw4voi,https://www.reddit.com/r/u_dj-jvnipvrr/comments/1aw4voi/the_previous_posts_will_be_left_up_for_the_next/,2024-02-21 06:09:04 UTC,24.251.46.116,u_dj-jvnipvrr,0,/r/u_dj-jvnipvrr/comments/1aw4voi/the_previous_posts_will_be_left_up_for_the_next/
1ay1u8e,https://www.reddit.com/r/u_dj-jvnipvrr/comments/1ay1u8e/hell_hath_no_fury_like_a_woman_scorned/,2024-02-23 14:31:15 UTC,24.251.46.116,u_dj-jvnipvrr,0,/r/u_dj-jvnipvrr/comments/1ay1u8e/hell_hath_no_fury_like_a_woman_scorned/
1avpjbt,https://www.reddit.com/r/u_dj-jvnipvrr/comments/1avpjbt/terfs_bigots_and_nazis_are_not_welcome/,2024-02-20 18:54:33 UTC,24.251.46.116,u_dj-jvnipvrr,0,/r/u_dj-jvnipvrr/comments/1avpjbt/terfs_bigots_and_nazis_are_not_welcome/
1alywyk,https://www.reddit.com/r/trans/comments/1alywyk/never_let_any_person_decide_your_life_and_who_you/,2024-02-08 15:57:40 UTC,24.251.46.116,trans,0,/r/trans/comments/1alywyk/never_let_any_person_decide_your_life_and_who_you/
1aw9yg2,https://www.reddit.com/r/u_dj-jvnipvrr/comments/1aw9yg2/list_of_good_things_that_have_happened_to_me_over/,2024-02-21 11:35:45 UTC,24.251.46.116,u_dj-jvnipvrr,0,/r/u_dj-jvnipvrr/comments/1aw9yg2/list_of_good_things_that_have_happened_to_me_over/
1avdd43,https://www.reddit.com/r/u_dj-jvnipvrr/comments/1avdd43/disowning_my_family/,2024-02-20 09:09:02 UTC,24.251.46.116,u_dj-jvnipvrr,0,/r/u_dj-jvnipvrr/comments/1avdd43/disowning_my_family/
1b2skkk,https://www.reddit.com/r/FinalFantasyXII/comments/1b2skkk/request_the_original_quote_from_ashe_about_power/,2024-02-29 05:26:42 UTC,24.251.46.116,FinalFantasyXII,0,/r/FinalFantasyXII/comments/1b2skkk/request_the_original_quote_from_ashe_about_power/
1axefj9,https://www.reddit.com/r/u_dj-jvnipvrr/comments/1axefj9/came_crawling_out_of_the_woodworks_like_i_said/,2024-02-22 18:56:38 UTC,24.251.46.116,u_dj-jvnipvrr,0,/r/u_dj-jvnipvrr/comments/1axefj9/came_crawling_out_of_the_woodworks_like_i_said/
1aw4wmm,https://www.reddit.com/r/u_dj-jvnipvrr/comments/1aw4wmm/the_previous_two_posts_will_be_up_for_the_next/,2024-02-21 06:10:27 UTC,24.251.46.116,u_dj-jvnipvrr,0,/r/u_dj-jvnipvrr/comments/1aw4wmm/the_previous_two_posts_will_be_up_for_the_next/
1aw4ai8,https://www.reddit.com/r/u_dj-jvnipvrr/comments/1aw4ai8/list_of_good_things_that_have_happened_to_me_in/,2024-02-21 05:36:50 UTC,24.251.46.116,u_dj-jvnipvrr,0,/r/u_dj-jvnipvrr/comments/1aw4ai8/list_of_good_things_that_have_happened_to_me_in/
1ayj7hv,https://www.reddit.com/r/trans/comments/1ayj7hv/protect_transgender_kids/,2024-02-24 02:28:28 UTC,24.251.46.116,trans,0,/r/trans/comments/1ayj7hv/protect_transgender_kids/
1aw4a7t,https://www.reddit.com/r/u_dj-jvnipvrr/comments/1aw4a7t/list_of_bad_things_that_have_happened_to_me_in/,2024-02-21 05:36:23 UTC,24.251.46.116,u_dj-jvnipvrr,0,/r/u_dj-jvnipvrr/comments/1aw4a7t/list_of_bad_things_that_have_happened_to_me_in/
1b11z3z,https://www.reddit.com/r/FinalFantasyXII/comments/1b11z3z/request_the_original_quote_from_ashe_about_power/,2024-02-27 03:40:28 UTC,24.251.46.116,FinalFantasyXII,0,/r/FinalFantasyXII/comments/1b11z3z/request_the_original_quote_from_ashe_about_power/
